Item,MLS # Link,Status,Area,Address,Unit Number,Subdivision/Complex,List Price,#Beds,#FBaths,#HBaths,SqFt Liv Area, Association Fee ,Type of Property,Year Built,#Garage Spaces,Pool YN,Waterfront Property (Y/N), CurrentPrice/SqFt ,Entry Date,Days on Market,Propety Type,Rent Period,Furnished Info (List)
1,A10236602,A,41,1060 Brickell Avenue,1909,1060 Brickell,"$309,000 ",0,1,0,551, $384 ,Condo,2008,1,Yes,No, $560.80 ,3/6/2017 18:30,15,For Sale,,
1,A10077216,A,41,1050 Brickell Avenue,1622,1060 Brickell,"$265,000 ",0,1,0,604, $- ,Condo,2008,0,Yes,No, $438.74 ,5/3/2016 16:54,316,For Sale,,
1,A10077221,A,41,1050 Brickell Avenue,1912,1060 Brickell,"$265,000 ",0,1,0,601, $600 ,Condo,2008,0,Yes,No, $440.93 ,5/3/2016 16:57,316,For Sale,,
1,A10099382,A,41,1050 Brickell Avenue,2206,1060 Brickell,"$265,000 ",0,1,0,613, $409 ,Condo,2008,1,Yes,No, $432.30 ,6/13/2016 15:24,275,For Sale,,
1,A10232367,A,41,1050 Brickell Avenue,1922,1060 Brickell,"$259,900 ",0,1,0,604, $388 ,Condo,2008,1,Yes,No, $430.30 ,2/27/2017 18:16,16,For Sale,,
1,A10205454,A,41,1050 Brickell Avenue,3006,1060 Brickell,"$259,000 ",0,1,0,613, $405 ,Condo,2008,1,Yes,No, $422.51 ,1/11/2017 17:21,63,For Sale,,
1,A10082161,A,41,1050 Brickell Avenue,2012,1060 Brickell,"$258,000 ",0,1,0,601, $379 ,Condo,2008,1,Yes,No, $429.28 ,5/12/2016 13:23,308,For Sale,,
1,A10105745,A,41,1050 Brickell Avenue,2406,1060 Brickell,"$285,000 ",0,1,0,613, $409 ,Condo,2008,1,Yes,No, $464.93 ,6/28/2016 10:19,271,For Sale,,
1,A10232872,A,41,1060 Brickell Avenue,3613,1060 Brickell,"$375,000 ",1,1,0,945, $605 ,Condo,2008,1,Yes,No, $396.83 ,2/28/2017 15:23,15,For Sale,,
1,A10181790,A,41,1060 Brickell Avenue,1209,1060 Brickell,"$330,000 ",1,1,0,"1,088", $- ,Condo,2008,1,Yes,No, $303.01 ,11/18/2016 17:39,117,For Sale,,
1,A10144641,A,41,1050 Brickell Avenue,1702,1060 Brickell,"$360,000 ",1,1,0,843, $550 ,Condo,2008,1,Yes,No, $427.05 ,9/7/2016 17:06,189,For Sale,,
1,A10177857,A,41,1050 Brickell Avenue,2302,1060 Brickell,"$340,000 ",1,1,0,843, $567 ,Condo,2008,1,Yes,Yes, $403.32 ,11/11/2016 15:59,124,For Sale,,
1,A10201971,A,41,1050 Brickell Avenue,2410,1060 Brickell,"$329,000 ",1,1,0,843, $567 ,Condo,2008,1,Yes,No, $390.27 ,1/16/2017 17:34,69,For Sale,,
1,A10032510,A,41,1060 Brickell Avenue,2805,1060 Brickell,"$430,000 ",1,1,1,963, $655 ,Condo,2008,1,Yes,No, $446.52 ,2/11/2016 10:04,398,For Sale,,
1,A10197404,A,41,1060 Brickell Avenue,415,1060 Brickell,"$395,000 ",1,1,1,"1,053", $720 ,Condo,2008,1,Yes,No, $375.12 ,12/23/2016 12:15,84,For Sale,,
1,A10201400,A,41,1060 Brickell Avenue,3803,1060 Brickell,"$390,000 ",1,1,1,963, $655 ,Condo,2008,0,Yes,No, $404.98 ,1/4/2017 17:40,70,For Sale,,
1,A10210171,A,41,1060 Brickell Avenue,2603,1060 Brickell,"$375,000 ",1,1,1,963, $640 ,Condo,2008,1,Yes,No, $389.41 ,1/19/2017 15:08,55,For Sale,,
1,A10241492,A,41,1060 Brickell Avenue,2405,1060 Brickell,"$365,000 ",1,1,1,963, $639 ,Condo,2008,1,Yes,No, $379.02 ,3/14/2017 19:42,1,For Sale,,
1,A10189756,A,41,1060 Brickell Avenue,615,1060 Brickell,"$358,000 ",1,1,1,"1,053", $738 ,Condo,2008,1,Yes,No, $339.98 ,12/7/2016 9:32,98,For Sale,,
1,A10215229,A,41,1060 Brickell Avenue,1703,1060 Brickell,"$339,900 ",1,1,1,963, $630 ,Condo,2008,1,Yes,No, $352.96 ,1/30/2017 9:21,46,For Sale,,
1,A10214783,A,41,1060 Brickell Avenue,3305,1060 Brickell,"$333,000 ",1,1,1,963, $639 ,Condo,2008,1,Yes,No, $345.79 ,1/27/2017 9:48,47,For Sale,,
1,A10214775,A,41,1060 Brickell Avenue,3203,1060 Brickell,"$330,000 ",1,1,1,963, $639 ,Condo,2008,1,Yes,No, $342.68 ,1/27/2017 9:36,47,For Sale,,
1,A10230379,A,41,1060 Brickell Avenue,3205,1060 Brickell,"$330,000 ",1,1,1,963, $- ,Condo,2008,1,Yes,No, $342.68 ,2/23/2017 13:35,20,For Sale,,
1,A10214430,A,41,1060 Brickell Avenue,1205,1060 Brickell,"$310,000 ",1,1,1,963, $639 ,Condo,2008,1,Yes,No, $321.91 ,1/27/2017 9:12,48,For Sale,,
1,A1768184,A,41,1050 Brickell Avenue,222,1060 Brickell,"$399,000 ",1,1,1,"1,189", $845 ,Condo,2008,1,Yes,No, $335.58 ,4/2/2013 10:50,1450,For Sale,,
1,A1767872,A,41,1050 Brickell Avenue,218,1060 Brickell,"$379,000 ",1,1,1,972, $693 ,Condo,2008,1,Yes,No, $389.92 ,4/1/2013 16:07,1450,For Sale,,
1,A10236935,A,41,1050 Brickell Avenue,1616,1060 Brickell,"$347,400 ",1,1,1,"1,128", $827 ,Condo,2008,1,Yes,No, $307.98 ,3/7/2017 12:34,8,For Sale,,
1,A10177381,A,41,1050 Brickell Avenue,3018,1060 Brickell,"$345,000 ",1,1,1,"1,128", $873 ,Condo,2008,1,Yes,No, $305.85 ,11/10/2016 16:48,125,For Sale,,
1,A10182444,A,41,1050 Brickell Avenue,2016,1060 Brickell,"$327,000 ",1,1,1,"1,128", $827 ,Condo,2008,0,Yes,No, $289.89 ,11/21/2016 13:17,114,For Sale,,
1,A10177341,A,41,1050 Brickell Avenue,2616,1060 Brickell,"$315,000 ",1,1,1,"1,128", $827 ,Condo,2008,1,Yes,No, $279.26 ,11/10/2016 16:36,125,For Sale,,
1,A10161544,A,41,1050 Brickell Avenue,2104,1060 Brickell,"$330,000 ",1,1,,731, $- ,Condo,2008,1,Yes,No, $451.44 ,10/11/2016 17:14,155,For Sale,,
1,A10214008,A,41,1050 Brickell Avenue,2404,1060 Brickell,"$320,000 ",1,1,,731, $- ,Condo,2008,1,Yes,Yes, $437.76 ,1/26/2017 1:21,49,For Sale,,
1,A10210076,A,41,1060 Brickell Avenue,611,1060 Brickell,"$399,000 ",1,2,0,"1,147", $792 ,Condo,2008,1,Yes,No, $347.86 ,1/19/2017 12:37,55,For Sale,,
1,A10149702,A,41,1050 Brickell Avenue,812,1060 Brickell,"$420,000 ",1,2,0,"1,000", $- ,Condo,2008,1,Yes,No, $420.00 ,9/16/2016 16:20,180,For Sale,,
1,A10235388,A,41,1050 Brickell Avenue,814,1060 Brickell,"$400,000 ",1,2,0,"1,000", $782 ,Condo,2008,1,Yes,No, $400.00 ,3/3/2017 20:35,12,For Sale,,
1,A10111863,A,41,1050 Brickell Avenue,612,1060 Brickell,"$335,000 ",1,2,,"1,000", $693 ,Condo,2008,1,Yes,No, $335.00 ,7/7/2016 18:59,252,For Sale,,
1,A10110798,A,41,1060 Brickell Avenue,403,1060 Brickell,"$499,000 ",2,2,0,"1,440", $947 ,Condo,2008,1,Yes,No, $346.53 ,7/6/2016 9:44,252,For Sale,,
1,A10082721,A,41,1060 Brickell Avenue,3211,1060 Brickell,"$485,000 ",2,2,0,"1,088", $800 ,Condo,2008,1,Yes,No, $445.77 ,5/12/2016 18:35,307,For Sale,,
1,A10174087,A,41,1060 Brickell Avenue,3707,1060 Brickell,"$485,000 ",2,2,0,"1,088", $744 ,Condo,2008,1,Yes,No, $445.77 ,11/4/2016 13:45,131,For Sale,,
1,A10225272,A,41,1060 Brickell Avenue,3811,1060 Brickell,"$475,000 ",2,2,0,"1,088", $925 ,Condo,2008,1,Yes,No, $436.58 ,2/14/2017 14:41,29,For Sale,,
1,A10209238,A,41,1060 Brickell Avenue,3111,1060 Brickell,"$470,000 ",2,2,0,"1,088", $744 ,Condo,2008,1,Yes,No, $431.99 ,1/18/2017 12:10,56,For Sale,,
1,A10204385,A,41,1060 Brickell Avenue,2811,1060 Brickell,"$465,000 ",2,2,0,"1,088", $150 ,Condo,2008,1,Yes,No, $427.39 ,1/10/2017 13:13,64,For Sale,,
1,A10232844,A,41,1060 Brickell Avenue,1611,1060 Brickell,"$450,000 ",2,2,0,"1,088", $748 ,Condo,2008,1,Yes,No, $413.60 ,2/28/2017 14:06,15,For Sale,,
1,A10176667,A,41,1060 Brickell Avenue,1407,1060 Brickell,"$430,000 ",2,2,0,"1,088", $743 ,Condo,2008,1,Yes,No, $395.22 ,11/9/2016 16:34,126,For Sale,,
1,A1911236,A,41,1060 Brickell Avenue,2711,1060 Brickell,"$385,000 ",2,2,0,"1,088", $978 ,Condo,2008,1,Yes,No, $353.86 ,2/21/2014 13:48,1119,For Sale,,
1,A10117404,A,41,1060 Brickell Avenue,4101,1060 Brickell,"$595,000 ",2,2,1,"1,368", $900 ,Condo,2008,0,Yes,No, $434.94 ,7/18/2016 13:12,240,For Sale,,
1,A10180326,A,41,1060 Brickell Avenue,3917,1060 Brickell,"$580,000 ",2,2,1,"1,368", $900 ,Condo,2008,1,Yes,No, $423.98 ,11/16/2016 16:28,119,For Sale,,
1,A10167145,A,41,1060 Brickell Avenue,3401,1060 Brickell,"$550,000 ",2,2,1,"1,368", $930 ,Condo,2008,1,Yes,No, $402.05 ,10/21/2016 18:52,149,For Sale,,
1,A10229228,A,41,1060 Brickell Avenue,3517,1060 Brickell,"$550,000 ",2,2,1,"1,368", $930 ,Condo,2008,1,Yes,No, $402.05 ,2/21/2017 17:16,22,For Sale,,
1,A10230532,A,41,1060 Brickell Avenue,1917,1060 Brickell,"$540,000 ",2,2,1,"1,368", $900 ,Condo,2008,1,Yes,No, $394.74 ,2/23/2017 15:45,20,For Sale,,
1,A10201392,A,41,1060 Brickell Avenue,2217,1060 Brickell,"$485,000 ",2,2,1,"1,368", $930 ,Condo,2008,1,Yes,No, $354.53 ,1/4/2017 17:25,70,For Sale,,
1,A10195406,A,41,1050 Brickell Avenue,1820,1060 Brickell,"$525,000 ",2,2,1,"1,268", $744 ,Condo,2008,1,Yes,No, $414.04 ,12/19/2016 12:23,86,For Sale,,
1,A10212654,A,41,1050 Brickell Avenue,2220,1060 Brickell,"$475,000 ",2,2,1,"1,268", $827 ,Condo,2008,1,Yes,No, $374.61 ,1/24/2017 12:14,50,For Sale,,
1,A10195690,A,41,1050 Brickell Avenue,1720,1060 Brickell,"$439,888 ",2,2,1,"1,288", $827 ,Condo,2008,1,Yes,No, $341.53 ,12/19/2016 16:45,296,For Sale,,
1,F10055806,A,41,1050 Brickell Avenue,2520,1060 Brickell,"$435,000 ",2,2,1,"1,288", $825 ,Condo,2008,1,Yes,No, $337.73 ,3/3/2017 14:03,11,For Sale,,
1,A10194863,A,41,1060 Brickell Avenue,4209,1060 Brickell,"$899,999 ",2,3,0,"1,987", $- ,Condo,2008,1,Yes,No, $452.94 ,12/16/2016 19:23,89,For Sale,,
1,A10233515,A,41,1060 Brickell Avenue,4407,1060 Brickell,"$1,095,000 ",3,3,0,"1,867"," $1,223 ",Condo,2008,1,Yes,No, $586.50 ,3/1/2017 13:59,14,For Sale,,
1,A10156118,A,41,1060 Brickell Avenue,4503,1060 Brickell,"$1,750,000 ",3,3,1,"2,525"," $1,662 ",Condo,2008,2,Yes,No, $693.07 ,9/29/2016 10:13,167,For Sale,,
1,A10019932,A,41,1060 Brickell Avenue,4507,1060 Brickell,"$1,395,000 ",3,3,1,"2,564"," $1,662 ",Condo,2008,2,Yes,No, $450.44 ,1/20/2016 17:29,419,For Sale,,
1,A10225373,A,41,1050 Brickell Avenue,3506,1060 Brickell,"$1,249,000 ",3,3,1,"2,238"," $1,509 ",Condo,2008,2,Yes,No, $558.09 ,2/14/2017 17:23,29,For Sale,,
1,A10241193,A,41,1060 Brickell Avenue,2509,1060 Brickell,"$1,800 ",0,1,0,551,,Condo,2008,1,Yes,No, $3.27 ,3/14/2017 14:34,1,For Rent,Month,Furnished
1,A10229153,A,41,1060 Brickell Avenue,2309,1060 Brickell,"$1,750 ",0,1,0,551,,Condo,2008,1,Yes,No, $3.18 ,2/21/2017 16:25,22,For Rent,Year,Unfurnished
1,A10241677,A,41,1060 Brickell Avenue,1509,1060 Brickell,"$1,750 ",0,1,0,551,,Condo,2008,1,Yes,No, $3.18 ,3/15/2017 11:03,0,For Rent,Month,Unfurnished
1,A10168872,A,41,1060 Brickell Avenue,1209,1060 Brickell,"$2,250 ",1,1,0,"1,088",,Condo,2008,1,Yes,No, $2.07 ,10/25/2016 17:22,141,For Rent,Year,Unfurnished
1,A10226384,A,41,1060 Brickell Avenue,2313,1060 Brickell,"$2,100 ",1,1,0,945,,Condo,2008,1,Yes,No, $2.22 ,2/16/2017 9:49,27,For Rent,Year,Unfurnished
1,A10241827,A,41,1060 Brickell Avenue,3715,1060 Brickell,"$2,100 ",1,1,0,945,,Condo,2008,1,Yes,No, $2.22 ,3/15/2017 12:55,0,For Rent,Year,Unfurnished
1,A10185538,A,41,1060 Brickell Avenue,3705,1060 Brickell,"$2,300 ",1,1,1,963,,Condo,2008,1,Yes,No, $2.39 ,11/29/2016 13:38,103,For Rent,Year,Unfurnished
1,A10214776,A,41,1060 Brickell Avenue,1805,1060 Brickell,"$2,250 ",1,1,1,963,,Condo,2008,1,Yes,No, $2.34 ,1/27/2017 9:38,47,For Rent,Month,Unfurnished
1,A10219648,A,41,1060 Brickell Avenue,1001,1060 Brickell,"$2,200 ",1,1,1,"1,053",,Condo,2008,1,Yes,No, $2.09 ,2/4/2017 13:30,39,For Rent,Month,Unfurnished
1,A10210073,A,41,1060 Brickell Avenue,415,1060 Brickell,"$2,100 ",1,1,1,"1,053",,Condo,2008,1,Yes,No, $1.99 ,1/19/2017 12:39,56,For Rent,Month,Unfurnished
1,A10144688,A,41,1060 Brickell Avenue,409,1060 Brickell,"$1,975 ",1,1,1,982,,Condo,2008,1,Yes,No, $2.01 ,9/7/2016 17:55,189,For Rent,Month,Unfurnished
1,A10229523,A,41,1060 Brickell Avenue,811,1060 Brickell,"$2,425 ",1,2,0,"1,147",,Condo,2008,1,Yes,No, $2.11 ,2/22/2017 11:24,21,For Rent,Month,Furnished
1,F10051610,A,41,1060 Brickell Avenue,3307,1060 Brickell,"$2,950 ",2,2,0,"1,088",,Condo,2008,1,Yes,Yes, $2.71 ,2/3/2017 16:58,40,For Rent,Month,Unfurnished
1,A10201849,A,41,1060 Brickell Avenue,2807,1060 Brickell,"$2,650 ",2,2,0,"1,088",,Condo,2008,1,Yes,No, $2.44 ,1/5/2017 17:04,69,For Rent,Year,Unfurnished
1,A10224177,A,41,1060 Brickell Avenue,2407,1060 Brickell,"$2,650 ",2,2,0,"1,088",,Condo,2008,1,Yes,No, $2.44 ,2/13/2017 10:05,30,For Rent,Month,Unfurnished
1,A10242018,A,41,1060 Brickell Avenue,3511,1060 Brickell,"$2,500 ",2,2,0,"1,088",,Condo,2008,1,Yes,No, $2.30 ,3/15/2017 15:31,0,For Rent,Month,Unfurnished
1,A10202050,A,41,1060 Brickell Avenue,2817,1060 Brickell,"$3,100 ",2,2,1,"1,377",,Condo,2008,0,Yes,No, $2.25 ,1/5/2017 17:49,69,For Rent,Month,Unfurnished
1,A10215078,A,41,1060 Brickell Avenue,2117,1060 Brickell,"$2,900 ",2,2,1,"1,368",,Condo,2008,1,Yes,No, $2.12 ,1/27/2017 15:04,47,For Rent,Year,Furnished
1,A10241222,A,41,1060 Brickell Avenue,2301,1060 Brickell,"$2,895 ",2,2,1,"1,368",,Condo,2008,1,Yes,No, $2.12 ,3/14/2017 14:57,1,For Rent,Month,Unfurnished
1,A10241876,A,41,1060 Brickell Avenue,1917,1060 Brickell,"$2,800 ",2,2,1,"1,368",,Condo,2008,1,Yes,No, $2.05 ,3/15/2017 13:27,0,For Rent,Year,Unfurnished
1,A10209321,A,41,1060 Brickell Avenue,1607,1060 Brickell,"$2,900 ",2,2,2,"1,088",,Condo,2008,1,Yes,No, $2.67 ,1/18/2017 13:04,56,For Rent,Month,Furnished
1,A10220467,A,41,2333 Brickell Avenue,809,Brickell Bay Club Condo,"$348,000 ",1,1,1,930, $530 ,Condo,1974,1,Yes,Yes, $374.19 ,2/6/2017 15:21,37,For Sale,,
1,A10194770,A,41,2333 Brickell Avenue,2714,Brickell Bay Club Condo,"$345,000 ",1,1,1,930, $522 ,Condo,1974,1,Yes,Yes, $370.97 ,12/16/2016 17:39,89,For Sale,,
1,A10051607,A,41,2333 Brickell Avenue,2008,Brickell Bay Club Condo,"$305,000 ",1,1,1,930, $522 ,Condo,1974,1,Yes,Yes, $327.96 ,3/16/2016 16:26,364,For Sale,,
1,A10200284,A,41,2333 Brickell Avenue,414,Brickell Bay Club Condo,"$279,000 ",1,1,1,930, $530 ,Condo,1974,1,Yes,Yes, $300.00 ,1/3/2017 14:57,71,For Sale,,
1,A10183773,A,41,2333 Brickell Avenue,214,Brickell Bay Club Condo,"$288,900 ",1,1,,930, $466 ,Condo,1974,1,Yes,Yes, $310.65 ,11/23/2016 14:17,112,For Sale,,
1,A10193065,A,41,2333 Brickell Avenue,509,Brickell Bay Club Condo,"$375,000 ",1,2,,930, $530 ,Condo,1974,1,Yes,Yes, $403.23 ,12/13/2016 17:48,92,For Sale,,
1,A10206911,A,41,2333 Brickell Avenue,816,Brickell Bay Club Condo,"$549,000 ",2,2,0,"1,460", $937 ,Condo,1974,1,Yes,Yes, $376.03 ,1/13/2017 15:56,61,For Sale,,
1,A10167140,A,41,2333 Brickell Avenue,806,Brickell Bay Club Condo,"$540,000 ",2,2,0,"1,460", $839 ,Condo,1974,1,Yes,Yes, $369.86 ,10/21/2016 16:05,145,For Sale,,
1,A2196301,A,41,2333 Brickell Avenue,PH104,Brickell Bay Club Condo,"$399,000 ",2,2,0,"1,100", $592 ,Condo,1974,1,Yes,Yes, $362.73 ,10/29/2015 15:21,501,For Sale,,
1,A10207277,A,41,2333 Brickell Avenue,501,Brickell Bay Club Condo,"$799,000 ",2,2,,"1,460", $810 ,Condo,1974,1,Yes,Yes, $547.26 ,1/16/2017 13:29,61,For Sale,,
1,A10233369,A,41,2333 Brickell Avenue,1812,Brickell Bay Club Condo,"$575,000 ",2,2,,"1,760", $900 ,Condo,1974,1,Yes,Yes, $326.70 ,3/2/2017 11:15,14,For Sale,,
1,A10195684,A,41,2333 Brickell Avenue,2016,Brickell Bay Club Condo,"$535,000 ",2,2,,"1,700", $938 ,Condo,1974,1,Yes,Yes, $287.48 ,12/19/2016 16:37,86,For Sale,,
1,A10186298,A,41,2333 Brickell Avenue,2615,Brickell Bay Club Condo,"$439,000 ",2,2,,"1,100", $688 ,Condo,1974,1,Yes,Yes, $327.37 ,11/30/2016 14:36,105,For Sale,,
1,A10206363,A,41,2333 Brickell Avenue,1216,Brickell Bay Club Condo,"$399,000 ",2,2,,"1,460", $937 ,Condo,1974,1,Yes,Yes, $273.29 ,1/24/2017 11:32,62,For Sale,,
1,A10133256,A,41,2333 Brickell Avenue,1104,Brickell Bay Club Condo,"$395,000 ",2,2,,"1,100", $625 ,Condo,1974,1,Yes,Yes, $359.09 ,8/19/2016 11:36,211,For Sale,,
1,A10148496,A,41,2333 Brickell Avenue,2204,Brickell Bay Club Condo,"$395,000 ",2,2,,"1,100", $635 ,Condo,1974,1,Yes,Yes, $359.09 ,9/15/2016 9:28,182,For Sale,,
1,A10201770,A,41,2333 Brickell Avenue,2210,Brickell Bay Club Condo,"$359,000 ",2,2,,"1,100", $625 ,Condo,1974,1,Yes,Yes, $289.28 ,1/5/2017 13:14,69,For Sale,,
1,A10206749,A,41,2333 Brickell Avenue,1510,Brickell Bay Club Condo,"$349,900 ",2,2,,"1,100", $635 ,Condo,1974,1,Yes,Yes, $318.09 ,1/13/2017 13:47,61,For Sale,,
1,A10212757,A,41,2333 Brickell Avenue,PH-202,Brickell Bay Club Condo,"$1,575,000 ",3,3,1,"1,460"," $1,587 ",Condo,1974,2,Yes,Yes," $1,078.77 ",1/24/2017 12:59,50,For Sale,,
1,A10233382,A,41,2333 Brickell Avenue,1812-14,Brickell Bay Club Condo,"$875,000 ",3,3,1,"2,797"," $1,317 ",Condo,1974,2,Yes,Yes, $312.84 ,3/2/2017 11:17,14,For Sale,,
1,A10189916,A,41,2333 Brickell Avenue,1703,Brickell Bay Club Condo,"$2,150 ",1,1,1,930,,Condo,1974,1,Yes,Yes, $2.31 ,12/7/2016 16:28,104,For Rent,,
1,A10190123,A,41,2333 Brickell Avenue,914,Brickell Bay Club Condo,"$2,100 ",1,1,1,930,,Condo,1974,1,Yes,Yes, $2.26 ,12/7/2016 15:25,98,For Rent,,
1,A10239874,A,41,2333 Brickell Avenue,2114,Brickell Bay Club Condo,"$1,850 ",1,1,1,930,,Condo,1974,1,Yes,Yes, $1.99 ,3/11/2017 19:58,4,For Rent,,
1,A10208525,A,41,2333 Brickell Avenue,501,Brickell Bay Club Condo,"$3,800 ",2,2,0,"1,460",,Condo,1974,1,Yes,Yes, $2.60 ,2/3/2017 11:50,61,For Rent,,
1,A10212124,A,41,2333 Brickell Avenue,PH206,Brickell Bay Club Condo,"$3,600 ",2,2,0,"1,460",,Condo,1974,1,Yes,Yes, $2.47 ,1/23/2017 15:24,51,For Rent,,
1,A10189895,A,41,2333 Brickell Avenue,2016,Brickell Bay Club Condo,"$3,100 ",2,2,0,"1,460",,Condo,1974,1,Yes,Yes, $2.12 ,12/7/2016 12:03,98,For Rent,,
1,A10196134,A,41,2333 Brickell Avenue,2101,Brickell Bay Club Condo,"$2,990 ",2,2,0,"1,460",,Condo,1974,1,Yes,Yes, $2.05 ,12/20/2016 13:40,85,For Rent,,
1,A10227167,A,41,2333 Brickell Avenue,1206,Brickell Bay Club Condo,"$2,750 ",2,2,0,"1,460",,Condo,1974,1,Yes,Yes, $1.88 ,2/23/2017 10:56,22,For Rent,,
1,A10232338,A,41,2333 Brickell Avenue,1804,Brickell Bay Club Condo,"$2,600 ",2,2,0,"1,240",,Condo,1974,0,Yes,Yes, $2.10 ,2/27/2017 17:39,20,For Rent,,
1,A10196579,A,41,2333 Brickell Avenue,2607,Brickell Bay Club Condo,"$2,400 ",2,2,0,"1,240",,Condo,1974,1,Yes,Yes, $1.94 ,12/21/2016 12:01,84,For Rent,,
1,A10196311,A,41,2333 Brickell Avenue,810,Brickell Bay Club Condo,"$2,300 ",2,2,0,"1,100",,Condo,1974,1,Yes,Yes, $2.09 ,12/21/2016 15:14,86,For Rent,,
1,A2194237,A,41,475 Brickell Avenue,2508,Icon Brickell,"$279,000 ",0,1,0,598, $602 ,Condo,2008,1,Yes,Yes, $466.56 ,10/26/2015 10:13,207,For Sale,,
1,A10236440,A,41,475 Brickell Avenue,1610,Icon Brickell,"$289,000 ",0,1,0,546, $538 ,Condo,2008,1,Yes,Yes, $529.30 ,3/6/2017 16:54,9,For Sale,,
1,A2155919,A,41,475 Brickell Avenue,1208,Icon Brickell,"$300,000 ",0,1,0,598, $604 ,Condo,2008,1,Yes,Yes, $501.67 ,8/6/2015 9:23,588,For Sale,,
1,A2169629,A,41,475 Brickell Avenue,808,Icon Brickell,"$310,000 ",0,1,0,598, $436 ,Condo,2008,1,Yes,Yes, $518.39 ,9/3/2015 13:26,559,For Sale,,
1,A10069711,A,41,475 Brickell Avenue,3008,Icon Brickell,"$310,000 ",0,1,0,598, $603 ,Condo,2008,1,Yes,Yes, $518.39 ,4/19/2016 15:55,336,For Sale,,
1,A10032513,A,41,475 Brickell Avenue,2310,Icon Brickell,"$320,000 ",0,1,0,546, $538 ,Condo,2008,1,Yes,Yes, $586.08 ,2/11/2016 10:08,398,For Sale,,
1,A10141252,A,41,475 Brickell Avenue,3808,Icon Brickell,"$320,000 ",0,1,0,598, $543 ,Condo,2008,1,Yes,Yes, $535.12 ,8/31/2016 17:18,196,For Sale,,
1,A10141257,A,41,475 Brickell Avenue,3108,Icon Brickell,"$330,000 ",0,1,0,598, $543 ,Condo,2008,1,Yes,Yes, $551.84 ,8/31/2016 17:39,196,For Sale,,
1,A2171891,A,41,475 Brickell Avenue,1410,Icon Brickell,"$334,000 ",0,1,0,546, $- ,Condo,2008,1,Yes,Yes, $611.72 ,9/8/2015 23:59,554,For Sale,,
1,A10096463,A,41,475 Brickell Avenue,4408,Icon Brickell,"$360,000 ",0,1,0,598, $543 ,Condo,2008,1,Yes,No, $602.01 ,6/7/2016 22:21,281,For Sale,,
1,A10232118,A,41,485 Brickell Avenue,2805,Icon Brickell,"$285,000 ",0,1,0,495, $500 ,Condo,2009,0,Yes,Yes, $575.76 ,2/27/2017 14:36,16,For Sale,,
1,A2196434,A,41,485 Brickell Avenue,3605,Icon Brickell,"$299,000 ",0,1,0,495, $514 ,Condo,2006,1,Yes,Yes, $604.04 ,10/29/2015 18:34,423,For Sale,,
1,A10154737,A,41,485 Brickell Avenue,2305,Icon Brickell,"$305,000 ",0,1,0,495, $450 ,Condo,2009,1,Yes,Yes, $616.16 ,9/29/2016 16:23,169,For Sale,,
1,A2210204,A,41,485 Brickell Avenue,1905,Icon Brickell,"$324,000 ",0,1,0,495, $450 ,Condo,2009,0,Yes,Yes, $654.55 ,12/1/2015 16:16,470,For Sale,,
1,A10100028,A,41,475 Brickell Avenue,4510,Icon Brickell,"$289,500 ",0,1,,546, $567 ,Condo,2008,1,Yes,No, $530.22 ,6/15/2016 11:22,274,For Sale,,
1,A10221963,A,41,475 Brickell Avenue,4108,Icon Brickell,"$320,000 ",0,1,,598, $543 ,Condo,2008,1,Yes,No, $535.12 ,2/9/2017 7:42,35,For Sale,,
1,A10058467,A,41,485 Brickell Avenue,1705,Icon Brickell,"$280,000 ",0,1,,495, $- ,Condo,2009,1,Yes,Yes, $565.66 ,3/30/2016 13:23,349,For Sale,,
1,A10067862,A,41,485 Brickell Avenue,3105,Icon Brickell,"$280,000 ",0,1,,495, $- ,Condo,2009,1,Yes,Yes, $565.66 ,4/15/2016 14:28,334,For Sale,,
1,A10233752,A,41,475 Brickell Avenue,4012,Icon Brickell,"$378,000 ",1,1,0,798, $700 ,Condo,2008,1,Yes,Yes, $473.68 ,3/1/2017 17:11,14,For Sale,,
1,A10031387,A,41,475 Brickell Avenue,2014,Icon Brickell,"$380,000 ",1,1,0,798, $708 ,Condo,2008,1,Yes,Yes, $476.19 ,2/9/2016 15:16,400,For Sale,,
1,A10236952,A,41,475 Brickell Avenue,3111,Icon Brickell,"$385,000 ",1,1,0,816, $800 ,Co-Op,2008,1,Yes,Yes, $471.81 ,3/7/2017 11:39,8,For Sale,,
1,A10238468,A,41,475 Brickell Avenue,2412,Icon Brickell,"$385,000 ",1,1,0,798, $865 ,Condo,2008,1,Yes,Yes, $482.46 ,3/9/2017 11:06,6,For Sale,,
1,A10074543,A,41,475 Brickell Avenue,3812,Icon Brickell,"$399,000 ",1,1,0,798, $- ,Condo,2008,1,Yes,Yes, $500.00 ,4/28/2016 12:42,321,For Sale,,
1,A10181763,A,41,475 Brickell Avenue,1412,Icon Brickell,"$399,000 ",1,1,0,947, $- ,Condo,2008,1,Yes,Yes, $421.33 ,11/18/2016 17:12,117,For Sale,,
1,A10175031,A,41,475 Brickell Avenue,4111,Icon Brickell,"$429,000 ",1,1,0,940, $805 ,Condo,2008,1,Yes,Yes, $456.38 ,11/7/2016 11:10,128,For Sale,,
1,A10050038,A,41,475 Brickell Avenue,5214,Icon Brickell,"$430,000 ",1,1,0,798, $726 ,Condo,2008,1,Yes,Yes, $538.85 ,3/14/2016 14:55,366,For Sale,,
1,A10014651,A,41,475 Brickell Avenue,3711,Icon Brickell,"$435,000 ",1,1,0,816, $778 ,Condo,2009,1,Yes,Yes, $533.09 ,1/11/2016 21:36,429,For Sale,,
1,A10216263,A,41,475 Brickell Avenue,5608,Icon Brickell,"$499,000 ",1,1,0,986, $900 ,Condo,2008,1,Yes,Yes, $506.09 ,1/30/2017 15:32,44,For Sale,,
1,A10180071,A,41,465 Brickell Avenue,4304,Icon Brickell,"$358,000 ",1,1,0,726, $580 ,Condo,2008,1,Yes,Yes, $493.11 ,11/16/2016 11:47,136,For Sale,,
1,A10106741,A,41,465 Brickell Avenue,806,Icon Brickell,"$360,000 ",1,1,0,816, $800 ,Condo,2009,0,Yes,Yes, $441.18 ,6/27/2016 15:10,261,For Sale,,
1,A2167685,A,41,465 Brickell Avenue,2106,Icon Brickell,"$370,000 ",1,1,0,816, $763 ,Condo,2008,1,Yes,Yes, $453.43 ,8/31/2015 14:31,562,For Sale,,
1,A1962852,A,41,465 Brickell Avenue,2404,Icon Brickell,"$380,000 ",1,1,0,597, $728 ,Condo,2008,1,Yes,Yes, $636.52 ,6/12/2014 11:16,1008,For Sale,,
1,A10003031,A,41,465 Brickell Avenue,704,Icon Brickell,"$385,000 ",1,1,0,597, $580 ,Condo,2008,1,Yes,Yes, $644.89 ,12/14/2015 11:56,457,For Sale,,
1,A2200518,A,41,465 Brickell Avenue,1004,Icon Brickell,"$399,999 ",1,1,0,726, $566 ,Condo,2008,1,Yes,Yes, $550.96 ,11/7/2015 18:06,494,For Sale,,
1,A10081779,A,41,465 Brickell Avenue,4406,Icon Brickell,"$409,000 ",1,1,0,816, $805 ,Condo,2008,1,Yes,Yes, $501.23 ,5/11/2016 13:59,308,For Sale,,
1,A10189937,A,41,465 Brickell Avenue,2006,Icon Brickell,"$409,000 ",1,1,0,940, $804 ,Condo,2008,1,Yes,Yes, $435.11 ,12/7/2016 12:34,98,For Sale,,
1,A10157226,A,41,465 Brickell Avenue,606,Icon Brickell,"$418,000 ",1,1,0,816, $870 ,Condo,2008,1,Yes,Yes, $512.25 ,9/30/2016 18:45,166,For Sale,,
1,A10179993,A,41,465 Brickell Avenue,2904,Icon Brickell,"$419,000 ",1,1,0,597, $306 ,Condo,2008,1,Yes,Yes, $701.84 ,11/16/2016 10:46,134,For Sale,,
1,A10120224,A,41,465 Brickell Avenue,3904,Icon Brickell,"$439,000 ",1,1,0,597, $306 ,Condo,2008,1,Yes,Yes, $735.34 ,7/22/2016 14:54,236,For Sale,,
1,A2092153,A,41,465 Brickell Avenue,4204,Icon Brickell,"$450,000 ",1,1,0,726, $306 ,Condo,2009,1,Yes,Yes, $619.83 ,3/25/2015 20:39,721,For Sale,,
1,A10179998,A,41,465 Brickell Avenue,5004,Icon Brickell,"$459,000 ",1,1,0,597, $580 ,Condo,2008,1,Yes,Yes, $768.84 ,11/16/2016 10:52,134,For Sale,,
1,A10231385,A,41,485 Brickell Avenue,1803,Icon Brickell,"$348,000 ",1,1,0,790, $863 ,Condo,2009,1,Yes,Yes, $440.51 ,2/25/2017 0:51,18,For Sale,,
1,A10154759,A,41,485 Brickell Avenue,2306,Icon Brickell,"$349,000 ",1,1,0,842, $550 ,Condo,2009,1,Yes,Yes, $414.49 ,9/29/2016 16:19,169,For Sale,,
1,A1990530,A,41,485 Brickell Avenue,3707,Icon Brickell,"$365,000 ",1,1,0,842, $- ,Co-Op,2009,0,Yes,Yes, $433.49 ,8/13/2014 11:47,960,For Sale,,
1,A10217549,A,41,485 Brickell Avenue,2711,Icon Brickell,"$379,000 ",1,1,0,876, $955 ,Condo,2009,1,Yes,Yes, $432.65 ,2/1/2017 11:26,42,For Sale,,
1,A2191254,A,41,485 Brickell Avenue,3601,Icon Brickell,"$399,000 ",1,1,0,898, $- ,Co-Op,2009,1,Yes,Yes, $444.32 ,10/19/2015 13:29,83,For Sale,,
1,A10096269,A,41,485 Brickell Avenue,1711,Icon Brickell,"$399,000 ",1,1,0,876, $960 ,Condo,2009,1,Yes,Yes, $455.48 ,6/7/2016 15:21,281,For Sale,,
1,A10202365,A,41,485 Brickell Avenue,1901,Icon Brickell,"$399,000 ",1,1,0,898, $960 ,Condo,2009,1,Yes,Yes, $444.32 ,1/6/2017 12:30,69,For Sale,,
1,A2184241,A,41,485 Brickell Avenue,4403,Icon Brickell,"$420,000 ",1,1,0,790, $- ,Condo,2009,0,Yes,Yes, $531.65 ,10/5/2015 12:29,372,For Sale,,
1,A2168279,A,41,485 Brickell Avenue,4703,Icon Brickell,"$430,000 ",1,1,0,790, $- ,Condo,2009,0,Yes,Yes, $544.30 ,9/1/2015 12:56,561,For Sale,,
1,A10048364,A,41,485 Brickell Avenue,2103,Icon Brickell,"$430,000 ",1,1,0,790, $635 ,Condo,2009,0,Yes,Yes,,3/10/2016 14:48,385,For Sale,,
1,A10227774,A,41,485 Brickell Avenue,1801,Icon Brickell,"$448,000 ",1,1,0,898, $550 ,Condo,2009,0,Yes,Yes, $498.89 ,2/18/2017 11:45,29,For Sale,,
1,A2155947,A,41,485 Brickell Avenue,3901,Icon Brickell,"$449,000 ",1,1,0,898, $- ,Condo,2009,1,Yes,Yes, $500.00 ,8/6/2015 10:11,590,For Sale,,
1,A10115652,A,41,485 Brickell Avenue,3101,Icon Brickell,"$470,000 ",1,1,0,898, $733 ,Condo,2009,0,Yes,Yes,,7/14/2016 12:12,244,For Sale,,
1,A10229838,A,41,485 Brickell Avenue,2011,Icon Brickell,"$470,000 ",1,1,0,876, $850 ,Condo,2009,1,Yes,Yes,,2/22/2017 15:49,21,For Sale,,
1,A10206500,A,41,485 Brickell Avenue,2809,Icon Brickell,"$499,900 ",1,1,0,953, $743 ,Condo,2009,1,Yes,Yes, $524.55 ,1/13/2017 10:15,61,For Sale,,
1,A10114309,A,41,475 Brickell Avenue,514,Icon Brickell,"$330,000 ",1,1,,798, $789 ,Condo,2008,1,Yes,Yes, $413.53 ,7/12/2016 12:31,233,For Sale,,
1,A10219158,A,41,475 Brickell Avenue,1811,Icon Brickell,"$380,000 ",1,1,,816, $800 ,Condo,2008,1,Yes,Yes, $465.69 ,2/3/2017 13:36,40,For Sale,,
1,A10224358,A,41,475 Brickell Avenue,2011,Icon Brickell,"$390,000 ",1,1,,816, $800 ,Condo,2008,1,Yes,Yes, $414.89 ,2/13/2017 13:29,30,For Sale,,
1,A10196989,A,41,475 Brickell Avenue,4812,Icon Brickell,"$398,000 ",1,1,,798, $700 ,Condo,2008,1,Yes,Yes, $498.75 ,12/22/2016 10:39,84,For Sale,,
1,A10033884,A,41,475 Brickell Avenue,5014,Icon Brickell,"$409,000 ",1,1,,798, $726 ,Condo,2008,1,Yes,Yes, $512.53 ,2/13/2016 7:21,399,For Sale,,
1,A10091722,A,41,475 Brickell Avenue,1014,Icon Brickell,"$410,000 ",1,1,,798, $450 ,Condo,2008,1,Yes,Yes, $513.78 ,5/31/2016 10:47,281,For Sale,,
1,A10205081,A,41,475 Brickell Avenue,4511,Icon Brickell,"$410,000 ",1,1,,816, $807 ,Condo,2008,1,Yes,Yes, $502.45 ,1/11/2017 12:18,63,For Sale,,
1,A10207606,A,41,475 Brickell Avenue,4114,Icon Brickell,"$439,900 ",1,1,,798, $847 ,Condo,2008,1,Yes,Yes, $551.25 ,1/16/2017 9:54,59,For Sale,,
1,A10099951,A,41,465 Brickell Avenue,604,Icon Brickell,"$345,000 ",1,1,,597, $611 ,Condo,2008,1,Yes,Yes, $577.89 ,6/14/2016 12:34,274,For Sale,,
1,A10152955,A,41,465 Brickell Avenue,5404,Icon Brickell,"$355,000 ",1,1,,597, $581 ,Condo,2008,1,Yes,Yes, $594.64 ,9/22/2016 18:57,174,For Sale,,
1,A10202969,A,41,465 Brickell Avenue,904,Icon Brickell,"$357,000 ",1,1,,726, $580 ,Condo,2008,1,Yes,Yes, $491.74 ,1/7/2017 23:21,67,For Sale,,
1,A10111709,A,41,465 Brickell Avenue,3804,Icon Brickell,"$359,000 ",1,1,,726, $636 ,Condo,2008,1,Yes,Yes, $415.51 ,7/7/2016 12:18,254,For Sale,,
1,F10025559,A,41,465 Brickell Avenue,5504,Icon Brickell,"$385,000 ",1,1,,726, $611 ,Condo,2008,1,Yes,Yes, $530.30 ,8/9/2016 16:19,218,For Sale,,
1,A10202362,A,41,465 Brickell Avenue,804,Icon Brickell,"$399,000 ",1,1,,726, $612 ,Condo,2008,1,Yes,Yes, $549.59 ,1/6/2017 12:27,68,For Sale,,
1,A10151585,A,41,465 Brickell Avenue,PH5704,Icon Brickell,"$425,000 ",1,1,,726, $550 ,Condo,2008,1,Yes,Yes, $585.40 ,10/7/2016 18:14,159,For Sale,,
1,A10104460,A,41,465 Brickell Avenue,816,Icon Brickell,"$490,000 ",1,1,,864, $804 ,Condo,2008,1,Yes,Yes, $567.13 ,6/22/2016 14:20,266,For Sale,,
1,A10155569,A,41,465 Brickell Avenue,416,Icon Brickell,"$499,000 ",1,1,,864, $804 ,Condo,2008,1,Yes,Yes, $577.55 ,9/28/2016 12:22,168,For Sale,,
1,A10234110,A,41,485 Brickell Avenue,2307,Icon Brickell,"$355,000 ",1,1,,842, $- ,Condo,2009,1,Yes,Yes, $421.62 ,3/2/2017 11:22,14,For Sale,,
1,A10045549,A,41,485 Brickell Avenue,2203,Icon Brickell,"$367,000 ",1,1,,790, $838 ,Condo,2009,1,Yes,Yes, $384.70 ,3/5/2016 18:01,383,For Sale,,
1,A10215236,A,41,485 Brickell Avenue,2406,Icon Brickell,"$369,900 ",1,1,,842, $743 ,Condo,2009,1,Yes,Yes, $439.31 ,1/27/2017 17:17,61,For Sale,,
1,A10233943,A,41,485 Brickell Avenue,2703,Icon Brickell,"$369,900 ",1,1,,790, $871 ,Condo,2009,1,Yes,Yes, $468.23 ,3/8/2017 13:28,7,For Sale,,
1,A10085741,A,41,485 Brickell Avenue,3803,Icon Brickell,"$380,000 ",1,1,,790, $850 ,Condo,2009,0,Yes,Yes, $481.01 ,5/18/2016 14:21,301,For Sale,,
1,A10194808,A,41,485 Brickell Avenue,3407,Icon Brickell,"$392,900 ",1,1,,842, $960 ,Condo,2009,1,Yes,Yes, $466.63 ,12/16/2016 17:02,89,For Sale,,
1,A10206556,A,41,485 Brickell Avenue,3307,Icon Brickell,"$394,900 ",1,1,,842, $- ,Condo,2009,1,Yes,Yes, $469.00 ,1/13/2017 11:11,61,For Sale,,
1,A10101032,A,41,485 Brickell Avenue,2403,Icon Brickell,"$399,000 ",1,1,,790, $528 ,Condo,2009,1,Yes,Yes, $505.06 ,6/15/2016 21:04,282,For Sale,,
1,A10066485,A,41,485 Brickell Avenue,2003,Icon Brickell,"$410,000 ",1,1,,790, $465 ,Condo,2009,1,Yes,Yes, $518.99 ,4/13/2016 12:33,336,For Sale,,
1,A10130854,A,41,485 Brickell Avenue,2811,Icon Brickell,"$420,000 ",1,1,,876, $955 ,Condo,2009,0,Yes,Yes, $479.45 ,8/11/2016 16:58,218,For Sale,,
1,A10155878,A,41,485 Brickell Avenue,2506,Icon Brickell,"$420,000 ",1,1,,842, $- ,Condo,2009,1,Yes,Yes, $498.81 ,9/28/2016 17:29,168,For Sale,,
1,A10176617,A,41,485 Brickell Avenue,3801,Icon Brickell,"$440,000 ",1,1,,898, $960 ,Condo,2009,1,Yes,Yes, $489.98 ,11/9/2016 15:04,134,For Sale,,
1,A10229449,A,41,485 Brickell Avenue,3401,Icon Brickell,"$440,000 ",1,1,,898, $950 ,Condo,2009,0,Yes,Yes, $489.98 ,2/22/2017 12:54,21,For Sale,,
1,A10168854,A,41,485 Brickell Avenue,2211,Icon Brickell,"$445,000 ",1,1,,876, $733 ,Condo,2009,1,Yes,Yes, $507.99 ,10/25/2016 17:02,141,For Sale,,
1,A10084640,A,41,485 Brickell Avenue,1609,Icon Brickell,"$449,000 ",1,1,,953, $966 ,Condo,2009,1,Yes,Yes, $471.14 ,5/16/2016 23:16,303,For Sale,,
1,A10052556,A,41,485 Brickell Avenue,4007,Icon Brickell,"$455,000 ",1,1,,842, $- ,Condo,2009,1,Yes,Yes, $540.38 ,3/31/2016 10:48,350,For Sale,,
1,A10105352,A,41,485 Brickell Avenue,2501,Icon Brickell,"$490,000 ",1,1,,898, $804 ,Co-Op,2009,1,Yes,Yes, $545.66 ,7/5/2016 16:50,253,For Sale,,
1,A10121474,A,41,465 Brickell Avenue,4205,Icon Brickell,"$700,000 ",1,2,,"1,313"," $1,116 ",Condo,2008,1,Yes,Yes, $465.74 ,7/25/2016 17:56,243,For Sale,,
1,A10130194,A,41,475 Brickell Avenue,3513,Icon Brickell,"$539,000 ",2,2,0,"1,144", $977 ,Condo,2008,1,Yes,Yes, $471.15 ,8/10/2016 15:21,217,For Sale,,
1,A10237048,A,41,475 Brickell Avenue,4513,Icon Brickell,"$560,000 ",2,2,0,"1,012", $705 ,Condo,2008,1,Yes,Yes, $553.36 ,3/8/2017 20:07,8,For Sale,,
1,A1860712,A,41,475 Brickell Avenue,4313,Icon Brickell,"$575,000 ",2,2,0,"1,012", $977 ,Condo,2008,1,Yes,No, $568.18 ,10/24/2013 15:18,1238,For Sale,,
1,A2168574,A,41,475 Brickell Avenue,2415,Icon Brickell,"$599,000 ",2,2,0,"1,314", $800 ,Condo,2008,0,Yes,Yes, $455.86 ,9/1/2015 17:49,561,For Sale,,
1,A2186672,A,41,475 Brickell Avenue,2109,Icon Brickell,"$629,900 ",2,2,0,"1,167", $- ,Condo,2008,1,Yes,Yes, $539.76 ,10/9/2015 10:47,167,For Sale,,
1,A2165312,A,41,475 Brickell Avenue,2509,Icon Brickell,"$639,950 ",2,2,0,"1,167"," $1,046 ",Condo,2008,1,Yes,Yes, $548.37 ,8/25/2015 23:26,564,For Sale,,
1,A10241306,A,41,475 Brickell Avenue,4515,Icon Brickell,"$675,000 ",2,2,0,"1,168"," $1,062 ",Condo,2008,1,Yes,Yes, $577.91 ,3/14/2017 17:04,1,For Sale,,
1,A10207297,A,41,475 Brickell Avenue,4609,Icon Brickell,"$690,000 ",2,2,0,"1,312"," $1,104 ",Condo,2008,1,Yes,Yes, $524.32 ,1/14/2017 16:18,60,For Sale,,
1,A10055637,A,41,475 Brickell Avenue,3015,Icon Brickell,"$725,000 ",2,2,0,"1,168"," $1,023 ",Condo,2009,1,Yes,Yes, $620.72 ,3/24/2016 11:42,356,For Sale,,
1,A10209718,A,41,475 Brickell Avenue,2707,Icon Brickell,"$738,000 ",2,2,0,"1,290"," $1,100 ",Condo,2008,1,Yes,Yes, $572.09 ,1/18/2017 20:10,56,For Sale,,
1,A10235301,A,41,475 Brickell Avenue,4915,Icon Brickell,"$749,000 ",2,2,0,"1,290", $800 ,Condo,2008,1,Yes,Yes, $580.62 ,3/3/2017 17:20,12,For Sale,,
1,R10282597,A,41,475 Brickell Avenue,3613,Icon Brickell,"$765,000 ",2,2,0,"1,012", $900 ,Condo,2008,1,Yes,Yes, $755.93 ,11/10/2016 15:07,125,For Sale,,
1,A10092326,A,41,475 Brickell Avenue,4809,Icon Brickell,"$770,000 ",2,2,0,"1,167"," $1,113 ",Condo,2008,1,Yes,Yes, $659.81 ,6/2/2016 21:37,288,For Sale,,
1,A1960166,A,41,475 Brickell Avenue,1807,Icon Brickell,"$835,000 ",2,2,0,"1,461"," $1,157 ",Condo,2008,1,Yes,Yes, $571.53 ,6/6/2014 13:24,1013,For Sale,,
1,A10199306,A,41,475 Brickell Avenue,4407,Icon Brickell,"$850,000 ",2,2,0,"1,290"," $1,157 ",Condo,2008,1,Yes,Yes, $658.91 ,12/30/2016 11:45,75,For Sale,,
1,A10035027,A,41,475 Brickell Avenue,1507,Icon Brickell,"$895,000 ",2,2,0,"1,290"," $1,060 ",Condo,2008,1,Yes,Yes, $693.80 ,2/16/2016 12:54,393,For Sale,,
1,A2209575,A,41,475 Brickell Avenue,4007,Icon Brickell,"$900,000 ",2,2,0,"1,290"," $1,060 ",Condo,2008,1,Yes,Yes, $697.67 ,11/30/2015 16:41,471,For Sale,,
1,A10076529,A,41,475 Brickell Avenue,3807,Icon Brickell,"$950,000 ",2,2,0,"1,290"," $1,221 ",Condo,2008,1,Yes,Yes, $650.24 ,5/2/2016 18:02,317,For Sale,,
1,A10152242,A,41,465 Brickell Avenue,602,Icon Brickell,"$690,000 ",2,2,0,"1,433"," $1,182 ",Condo,2008,1,Yes,Yes, $481.51 ,9/21/2016 16:45,176,For Sale,,
1,A10237028,A,41,465 Brickell Avenue,3605,Icon Brickell,"$699,000 ",2,2,0,"1,313"," $1,110 ",Condo,2008,1,Yes,Yes, $532.37 ,3/7/2017 12:36,8,For Sale,,
1,A10118323,A,41,465 Brickell Avenue,3102,Icon Brickell,"$790,000 ",2,2,0,"1,433"," $1,100 ",Condo,2008,1,Yes,Yes, $493.75 ,7/20/2016 10:44,251,For Sale,,
1,A1858189,A,41,465 Brickell Avenue,3303,Icon Brickell,"$795,000 ",2,2,0,"1,313", $789 ,Condo,2008,1,Yes,Yes, $438.50 ,10/18/2013 16:28,1219,For Sale,,
1,A10134037,A,41,465 Brickell Avenue,2402,Icon Brickell,"$849,900 ",2,2,0,"1,269"," $1,203 ",Condo,2008,1,Yes,Yes, $593.09 ,8/17/2016 17:27,224,For Sale,,
1,A2154487,A,41,465 Brickell Avenue,5405,Icon Brickell,"$875,000 ",2,2,0,"1,313"," $1,176 ",Condo,2008,1,Yes,Yes, $666.41 ,8/3/2015 18:23,590,For Sale,,
1,A10189965,A,41,465 Brickell Avenue,1502,Icon Brickell,"$875,000 ",2,2,0,"1,269"," $1,140 ",Condo,2008,0,Yes,Yes, $689.52 ,12/7/2016 13:01,98,For Sale,,
1,A10205331,A,41,465 Brickell Avenue,3405,Icon Brickell,"$925,000 ",2,2,0,"1,313"," $1,139 ",Condo,2008,1,Yes,Yes, $704.49 ,1/11/2017 15:48,430,For Sale,,
1,A2210213,A,41,485 Brickell Avenue,2904,Icon Brickell,"$560,000 ",2,2,0,"1,286"," $1,500 ",Condo,2009,1,Yes,Yes, $386.74 ,12/1/2015 16:20,470,For Sale,,
1,A10206269,A,41,485 Brickell Avenue,3508,Icon Brickell,"$655,000 ",2,2,0,"1,459"," $1,579 ",Condo,2009,0,Yes,Yes, $448.94 ,1/12/2017 17:30,62,For Sale,,
1,A2163124,A,41,485 Brickell Avenue,3304,Icon Brickell,"$675,000 ",2,2,0,"1,286"," $1,378 ",Condo,2009,1,Yes,Yes, $524.88 ,8/20/2015 20:38,573,For Sale,,
1,A10168755,A,41,485 Brickell Avenue,2602,Icon Brickell,"$679,000 ",2,2,0,"1,386"," $1,445 ",Condo,2009,0,Yes,Yes, $489.90 ,10/25/2016 15:36,146,For Sale,,
1,A10212420,A,41,485 Brickell Avenue,4210,Icon Brickell,"$680,000 ",2,2,0,"1,347", $- ,Condo,2009,0,Yes,Yes, $504.83 ,1/23/2017 21:15,51,For Sale,,
1,A2017462,A,41,485 Brickell Avenue,2604,Icon Brickell,"$710,000 ",2,2,0,"1,286"," $1,458 ",Condo,2010,1,Yes,Yes, $552.10 ,10/9/2014 16:31,888,For Sale,,
1,A10160632,A,41,485 Brickell Avenue,4904,Icon Brickell,"$729,900 ",2,2,0,"1,286", $849 ,Condo,2009,1,Yes,Yes, $534.33 ,10/10/2016 14:02,156,For Sale,,
1,A10176535,A,41,485 Brickell Avenue,4708,Icon Brickell,"$730,000 ",2,2,0,"1,459", $- ,Condo,2009,0,Yes,Yes,,11/9/2016 14:35,126,For Sale,,
1,A10158006,A,41,485 Brickell Avenue,4804,Icon Brickell,"$749,990 ",2,2,0,"1,286", $- ,Condo,2009,0,Yes,Yes, $583.20 ,10/3/2016 15:27,163,For Sale,,
1,A2100910,A,41,485 Brickell Avenue,1810,Icon Brickell,"$780,000 ",2,2,0,"1,347"," $1,100 ",Condo,2009,1,Yes,Yes, $579.06 ,4/13/2015 17:42,345,For Sale,,
1,A10201983,A,41,485 Brickell Avenue,3104,Icon Brickell,"$595,000 ",2,2,1,"1,286"," $1,026 ",Condo,2009,1,Yes,No, $462.67 ,1/5/2017 16:36,69,For Sale,,
1,A10185702,A,41,475 Brickell Avenue,2813,Icon Brickell,"$520,000 ",2,2,,"1,012", $977 ,Condo,2008,1,Yes,Yes, $513.83 ,11/30/2016 13:40,106,For Sale,,
1,A10103011,A,41,475 Brickell Avenue,3713,Icon Brickell,"$575,000 ",2,2,,"1,012", $897 ,Condo,2008,1,Yes,Yes, $568.18 ,6/20/2016 14:03,268,For Sale,,
1,A10071271,A,41,475 Brickell Avenue,1709,Icon Brickell,"$589,900 ",2,2,,"1,167"," $1,100 ",Condo,2008,1,Yes,No, $505.48 ,4/21/2016 18:49,0,For Sale,,
1,A10107236,A,41,475 Brickell Avenue,3709,Icon Brickell,"$599,000 ",2,2,,"1,167"," $1,163 ",Condo,2008,1,Yes,Yes, $513.28 ,6/28/2016 12:49,180,For Sale,,
1,F10015736,A,41,475 Brickell Avenue,3915,Icon Brickell,"$599,999 ",2,2,,"1,168"," $1,023 ",Condo,2008,1,Yes,Yes, $513.70 ,6/10/2016 9:01,278,For Sale,,
1,A10175973,A,41,475 Brickell Avenue,3809,Icon Brickell,"$699,999 ",2,2,,"1,167"," $1,113 ",Condo,2008,1,Yes,Yes, $599.83 ,11/8/2016 15:14,127,For Sale,,
1,A10160741,A,41,475 Brickell Avenue,4107,Icon Brickell,"$870,000 ",2,2,,"1,290", $823 ,Condo,2008,1,Yes,Yes, $674.42 ,10/10/2016 15:47,170,For Sale,,
1,A10054702,A,41,465 Brickell Avenue,1903,Icon Brickell,"$680,000 ",2,2,,"1,503"," $1,195 ",Condo,2008,1,Yes,Yes, $395.12 ,4/2/2016 13:22,333,For Sale,,
1,A10127867,A,41,465 Brickell Avenue,3005,Icon Brickell,"$699,000 ",2,2,,"1,313"," $1,241 ",Condo,2008,1,Yes,Yes, $532.37 ,8/5/2016 17:48,222,For Sale,,
1,A10156822,A,41,465 Brickell Avenue,418,Icon Brickell,"$729,000 ",2,2,,"1,325"," $1,252 ",Condo,2008,1,Yes,Yes, $550.19 ,9/30/2016 11:47,166,For Sale,,
1,A10076559,A,41,465 Brickell Avenue,3905,Icon Brickell,"$749,000 ",2,2,,"1,313"," $1,110 ",Condo,2008,1,Yes,Yes, $570.45 ,5/2/2016 18:49,234,For Sale,,
1,A10183033,A,41,465 Brickell Avenue,4503,Icon Brickell,"$750,000 ",2,2,,"1,503"," $1,231 ",Condo,2008,1,Yes,Yes, $435.79 ,11/22/2016 12:00,113,For Sale,,
1,A10076109,A,41,465 Brickell Avenue,3703,Icon Brickell,"$775,000 ",2,2,,"1,313"," $1,139 ",Condo,2008,1,Yes,No, $590.25 ,5/2/2016 12:42,324,For Sale,,
1,A10118863,A,41,465 Brickell Avenue,4815,Icon Brickell,"$779,000 ",2,2,,"1,168", $935 ,Condo,2008,1,Yes,Yes, $666.95 ,7/21/2016 16:15,238,For Sale,,
1,A10226441,A,41,465 Brickell Avenue,1705,Icon Brickell,"$798,000 ",2,2,,"1,168"," $1,241 ",Condo,2008,1,Yes,Yes, $683.22 ,2/16/2017 13:21,27,For Sale,,
1,A10043855,A,41,465 Brickell Avenue,4302,Icon Brickell,"$799,000 ",2,2,,"1,269"," $1,100 ",Condo,2008,1,Yes,Yes, $629.63 ,3/2/2016 18:09,378,For Sale,,
1,A10191018,A,41,465 Brickell Avenue,4803,Icon Brickell,"$835,000 ",2,2,,"1,313"," $1,139 ",Condo,2008,0,Yes,No, $635.95 ,12/8/2016 20:28,97,For Sale,,
1,A10135865,A,41,465 Brickell Avenue,1019,Icon Brickell,"$860,000 ",2,2,,"1,375"," $1,192 ",Condo,2008,0,Yes,Yes, $625.45 ,8/22/2016 11:44,208,For Sale,,
1,A10191935,A,41,465 Brickell Avenue,2803,Icon Brickell,"$869,000 ",2,2,,"1,313"," $1,241 ",Condo,2008,1,Yes,Yes, $661.84 ,12/12/2016 0:08,96,For Sale,,
1,A10176410,A,41,485 Brickell Avenue,1604,Icon Brickell,"$585,000 ",2,2,,"1,286"," $1,377 ",Condo,2009,1,Yes,Yes, $454.90 ,11/9/2016 11:21,126,For Sale,,
1,A10211435,A,41,485 Brickell Avenue,4404,Icon Brickell,"$589,000 ",2,2,,"1,286", $996 ,Condo,2009,0,Yes,Yes, $458.01 ,1/21/2017 20:41,59,For Sale,,
1,A10031181,A,41,485 Brickell Avenue,4304,Icon Brickell,"$599,000 ",2,2,,"1,286", $- ,Condo,2009,1,Yes,Yes,,2/9/2016 12:32,400,For Sale,,
1,A10174095,A,41,485 Brickell Avenue,1904,Icon Brickell,"$640,000 ",2,2,,"1,286"," $1,377 ",Condo,2009,1,Yes,Yes, $497.67 ,11/4/2016 13:48,131,For Sale,,
1,A10199492,A,41,485 Brickell Avenue,2508,Icon Brickell,"$658,000 ",2,2,,"1,459"," $1,100 ",Condo,2009,1,Yes,Yes, $450.99 ,12/30/2016 21:55,75,For Sale,,
1,A10222932,A,41,485 Brickell Avenue,2502,Icon Brickell,"$674,900 ",2,2,,"1,386"," $1,900 ",Condo,2009,1,Yes,Yes, $486.94 ,2/9/2017 16:20,34,For Sale,,
1,A10219264,A,41,485 Brickell Avenue,3410,Icon Brickell,"$749,000 ",2,2,,"1,347"," $1,480 ",Condo,2009,1,Yes,Yes, $556.05 ,2/3/2017 14:41,40,For Sale,,
1,A10111064,A,41,485 Brickell Avenue,4808,Icon Brickell,"$760,000 ",2,2,,"1,459", $- ,Condo,2009,1,Yes,Yes, $520.90 ,7/6/2016 13:34,252,For Sale,,
1,A10071546,A,41,485 Brickell Avenue,2802,Icon Brickell,"$800,000 ",2,2,,"1,386"," $1,900 ",Condo,2009,0,Yes,Yes, $577.20 ,4/22/2016 12:43,327,For Sale,,
1,A10101676,A,41,485 Brickell Avenue,4002,Icon Brickell,"$999,000 ",2,2,,"1,386"," $1,900 ",Condo,2009,0,Yes,Yes, $720.78 ,6/16/2016 17:50,282,For Sale,,
1,A10050599,A,41,465 Brickell Avenue,601,Icon Brickell,"$1,449,000 ",3,2,1,"2,236"," $1,826 ",Condo,2008,1,Yes,Yes, $648.03 ,3/15/2016 15:11,485,For Sale,,
1,A10189959,A,41,465 Brickell Avenue,2601,Icon Brickell,"$1,580,000 ",3,2,1,"2,044"," $1,100 ",Condo,2008,1,Yes,Yes, $772.99 ,12/7/2016 12:56,98,For Sale,,
1,A10142658,A,41,465 Brickell Avenue,4801,Icon Brickell,"$1,639,000 ",3,2,1,"2,044"," $1,550 ",Condo,2008,1,Yes,Yes, $714.47 ,9/11/2016 22:31,195,For Sale,,
1,A10185011,A,41,465 Brickell Avenue,4501,Icon Brickell,"$1,699,000 ",3,2,1,"1,870"," $1,550 ",Condo,2008,1,Yes,Yes, $831.21 ,11/28/2016 16:18,107,For Sale,,
1,A10175835,A,41,465 Brickell Avenue,4101,Icon Brickell,"$1,899,000 ",3,2,1,"2,044"," $1,141 ",Condo,2008,1,Yes,Yes, $827.81 ,11/8/2016 12:19,127,For Sale,,
1,A10169644,A,41,465 Brickell Avenue,3401,Icon Brickell,"$1,900,000 ",3,2,1,"2,044"," $1,141 ",Condo,2008,1,Yes,Yes, $828.25 ,10/26/2016 22:02,149,For Sale,,
1,A10197676,A,41,465 Brickell Avenue,PH5601,Icon Brickell,"$1,950,000 ",3,2,1,"2,044"," $1,100 ",Condo,2008,1,Yes,Yes, $954.01 ,1/16/2017 10:09,65,For Sale,,
1,A10204941,A,41,465 Brickell Avenue,2101,Icon Brickell,"$3,500,000 ",3,2,1,"2,044"," $1,602 ",Condo,2008,1,Yes,Yes," $1,525.72 ",1/11/2017 10:03,63,For Sale,,
1,A10236364,A,41,475 Brickell Avenue,4508,Icon Brickell,"$2,000 ",0,1,0,598,,Condo,2008,1,Yes,Yes, $3.34 ,3/6/2017 15:42,9,For Rent,Month,Furnished
1,A10115588,A,41,475 Brickell Avenue,2508,Icon Brickell,"$1,990 ",0,1,0,598,,Condo,2008,1,Yes,Yes, $3.33 ,7/14/2016 11:16,257,For Rent,Year,Unfurnished
1,A10190868,A,41,475 Brickell Avenue,3108,Icon Brickell,"$1,850 ",0,1,0,598,,Condo,2008,1,Yes,Yes, $3.09 ,12/8/2016 15:55,97,For Rent,Month,Unfurnished
1,A10214154,A,41,475 Brickell Avenue,2010,Icon Brickell,"$1,850 ",0,1,0,620,,Condo,2008,,Yes,Yes, $2.98 ,1/26/2017 11:40,55,For Rent,Year,Unfurnished
1,A10201756,A,41,475 Brickell Avenue,610,Icon Brickell,"$1,750 ",0,1,0,546,,Condo,2008,1,Yes,Yes, $3.21 ,1/6/2017 13:43,69,For Rent,Year,Unfurnished
1,A10148247,A,41,485 Brickell Avenue   ,4905,Icon Brickell,$850 ,0,1,0,495,,Condo,2009,1,Yes,No, $1.72 ,9/14/2016 12:38,183,For Rent,Week,Furnished
1,A10195072,A,41,465 Brickell Avenue,4206,Icon Brickell,"$2,550 ",1,1,0,816,,Condo,2008,1,Yes,Yes, $3.13 ,12/18/2016 8:22,87,For Rent,Year,Part Furn
1,A10199189,A,41,465 Brickell Avenue,5004,Icon Brickell,"$2,500 ",1,1,0,726,,Condo,2008,1,Yes,Yes, $3.44 ,12/29/2016 21:15,90,For Rent,Month,Furnished
1,A10216540,A,41,465 Brickell Avenue,B-417,Icon Brickell,"$2,400 ",1,1,0,882,,Condo,2008,1,Yes,Yes, $2.72 ,1/30/2017 20:40,44,For Rent,Year,Unfurnished
1,A10237291,A,41,465 Brickell Avenue,3006,Icon Brickell,"$2,300 ",1,1,0,940,,Condo,2008,1,Yes,Yes, $2.45 ,3/7/2017 16:00,8,For Rent,Month,Unfurnished
1,F10018685,A,42,465 Brickell Avenue,5504,Icon Brickell,"$2,300 ",1,1,0,864,,Condo,2009,1,Yes,Yes, $2.66 ,6/26/2016 23:20,264,For Rent,Month,Unfurnished
1,A10182078,A,41,465 Brickell Avenue,4304,Icon Brickell,"$2,200 ",1,1,0,597,,Condo,2008,1,Yes,Yes, $3.69 ,11/20/2016 9:35,117,For Rent,Month,Unfurnished
1,A10216134,A,41,465 Brickell Avenue,4904,Icon Brickell,"$2,200 ",1,1,0,726,,Condo,2008,1,Yes,Yes, $3.03 ,1/30/2017 14:17,48,For Rent,Month,Unfurnished
1,A10227224,A,41,465 Brickell Avenue,4504,Icon Brickell,"$2,175 ",1,1,0,597,,Condo,2008,1,Yes,Yes, $3.64 ,2/17/2017 11:49,26,For Rent,Month,Unfurnished
1,A10203081,A,41,465 Brickell Avenue,904,Icon Brickell,"$2,000 ",1,1,0,597,,Condo,2008,1,Yes,Yes, $3.35 ,1/11/2017 14:11,67,For Rent,Year,Unfurnished
1,A10210875,A,41,465 Brickell Avenue,704,Icon Brickell,"$2,000 ",1,1,0,597,,Condo,2008,1,Yes,Yes, $3.35 ,1/20/2017 13:42,54,For Rent,Year,Unfurnished
1,A10161410,A,41,475 Brickell Avenue,4012,Icon Brickell,"$2,450 ",1,1,0,798,,Condo,2008,1,Yes,Yes, $3.07 ,10/11/2016 15:30,155,For Rent,Year,Furnished
1,A10213653,A,41,475 Brickell Avenue,B 717,Icon Brickell,"$2,400 ",1,1,0,922,,Condo,2009,1,Yes,Yes, $2.60 ,1/25/2017 14:44,49,For Rent,Year,Unfurnished
1,A10242172,A,41,475 Brickell Avenue,2912,Icon Brickell,"$2,400 ",1,1,0,947,,Condo,2009,1,No,No, $2.53 ,3/15/2017 17:56,0,For Rent,Month,Unfurnished
1,A10233702,A,41,475 Brickell Avenue,2411,Icon Brickell,"$2,250 ",1,1,0,816,,Condo,2008,1,Yes,Yes, $2.76 ,3/2/2017 9:39,14,For Rent,Year,Unfurnished
1,A10160748,A,41,475 Brickell Avenue,3211,Icon Brickell,"$2,200 ",1,1,0,816,,Condo,2008,1,Yes,No, $2.70 ,10/10/2016 16:27,156,For Rent,Month,Unfurnished
1,A10220422,A,41,485 Brickell Avenue   ,1611,Icon Brickell,"$2,200 ",1,1,0,876,,Condo,2009,0,Yes,Yes, $2.51 ,2/6/2017 14:47,48,For Rent,Month,Furnished
1,A10235458,A,41,485 Brickell Avenue   ,1906,Icon Brickell,"$3,000 ",1,1,0,842,,Condo,2010,0,Yes,No, $3.56 ,3/4/2017 10:06,11,For Rent,Year,Furnished
1,A10100222,A,41,485 Brickell Avenue   ,2011,Icon Brickell,"$3,100 ",1,1,0,876,,Condo,2009,1,Yes,Yes, $3.54 ,6/14/2016 16:08,274,For Rent,Month,Furnished
1,A10059013,A,41,485 Brickell Avenue   ,2506,Icon Brickell,"$2,900 ",1,1,0,842,,Condo,2009,1,Yes,No, $3.44 ,3/31/2016 11:23,349,For Rent,Month,Furnished
1,A10115623,A,41,485 Brickell Avenue   ,3101,Icon Brickell,"$2,900 ",1,1,0,898,,Condo,2009,0,Yes,Yes, $3.23 ,7/14/2016 11:46,244,For Rent,Year,Furnished
1,A10105925,A,41,485 Brickell Avenue   ,3103,Icon Brickell,"$2,900 ",1,1,0,842,,Condo,2009,1,Yes,No, $3.44 ,6/24/2016 17:21,264,For Rent,Month,Furnished
1,A10070513,A,41,485 Brickell Avenue   ,3607,Icon Brickell,"$2,250 ",1,1,0,842,,Condo,2009,0,Yes,Yes, $2.67 ,4/20/2016 17:20,329,For Rent,Month,Furnished
1,A10230852,A,41,485 Brickell Avenue   ,4007,Icon Brickell,"$3,000 ",1,1,0,842,,Condo,2009,1,Yes,No, $3.56 ,2/24/2017 10:48,19,For Rent,Month,Furnished
1,A2100226,A,41,485 Brickell Avenue   ,4306,Icon Brickell,"$3,300 ",1,1,0,842,,Condo,2009,1,Yes,No, $3.92 ,4/11/2015 19:20,704,For Rent,Year,Furnished
1,A2051362,A,41,485 Brickell Avenue   ,4507,Icon Brickell,"$1,800 ",1,1,0,842,,Condo,2009,1,Yes,No, $2.14 ,1/1/2015 21:13,804,For Rent,Week,Furnished
1,A10195321,A,41,485 Brickell Avenue   ,4807,Icon Brickell,"$4,000 ",1,1,0,953,,Condo,2009,0,Yes,Yes, $4.20 ,12/19/2016 11:06,86,For Rent,Month,Furnished
1,A10162858,A,41,485 Brickell Avenue   ,1806,Icon Brickell,"$5,320 ",1,1,0,842,,Condo,2009,1,Yes,No, $6.32 ,10/13/2016 19:46,153,For Rent,Month,Furnished
1,A10150621,A,41,485 Brickell Avenue   ,2203,Icon Brickell,"$2,800 ",1,1,0,790,,Condo,2009,1,Yes,Yes, $3.54 ,9/19/2016 14:58,177,For Rent,Year,Furnished
1,A10242049,A,41,485 Brickell Avenue   ,2309,Icon Brickell,"$4,500 ",1,1,0,"1,500",,Condo,2008,0,No,Yes, $3.00 ,3/15/2017 15:57,0,For Rent,Month,Furnished
1,A10230763,A,41,485 Brickell Avenue   ,2507,Icon Brickell,"$2,250 ",1,1,0,842,,Condo,2009,1,Yes,Yes, $2.67 ,2/24/2017 1:17,19,For Rent,Month,Unfurnished
1,A10239554,A,41,485 Brickell Avenue   ,2811,Icon Brickell,"$2,650 ",1,1,0,876,,Condo,2009,0,Yes,Yes, $3.03 ,3/10/2017 17:00,12,For Rent,Month,Furnished
1,A10152724,A,41,485 Brickell Avenue   ,2906,Icon Brickell,"$2,800 ",1,1,0,842,,Condo,2009,1,Yes,Yes, $3.33 ,9/22/2016 13:51,195,For Rent,Year,Furnished
1,A10221771,A,41,485 Brickell Avenue   ,3001,Icon Brickell,"$2,250 ",1,1,0,898,,Condo,2009,0,Yes,No, $2.51 ,2/8/2017 10:53,35,For Rent,Year,Unfurnished
1,A10213005,A,41,485 Brickell Avenue   ,3209,Icon Brickell,"$3,700 ",1,1,0,953,,Condo,2009,1,Yes,No, $3.88 ,1/24/2017 16:14,50,For Rent,Month,Furnished
1,A10209650,A,41,485 Brickell Avenue   ,3507,Icon Brickell,"$2,200 ",1,1,0,876,,Condo,2009,1,Yes,Yes, $2.51 ,1/24/2017 15:19,56,For Rent,Year,Unfurnished
1,A10233069,A,41,485 Brickell Avenue   ,3509,Icon Brickell,"$3,700 ",1,1,0,953,,Condo,2009,1,Yes,Yes, $3.88 ,2/28/2017 17:52,134,For Rent,Month,Furnished
1,A10196855,A,41,485 Brickell Avenue   ,3806,Icon Brickell,"$3,200 ",1,1,0,842,,Condo,2009,1,Yes,No, $3.80 ,12/21/2016 18:05,84,For Rent,Month,Furnished
1,A10211176,A,41,485 Brickell Avenue   ,3903,Icon Brickell,"$2,500 ",1,1,0,790,,Condo,2009,1,Yes,Yes, $3.16 ,1/20/2017 18:12,54,For Rent,Month,Furnished
1,A10233000,A,41,485 Brickell Avenue   ,3911,Icon Brickell,"$3,250 ",1,1,0,876,,Condo,2009,1,Yes,Yes, $3.71 ,2/28/2017 16:29,104,For Rent,Month,Furnished
1,A10221825,A,41,485 Brickell Avenue   ,4203,Icon Brickell,"$2,765 ",1,1,0,790,,Condo,2009,1,Yes,Yes, $3.50 ,2/8/2017 11:27,59,For Rent,Month,Furnished
1,A10115020,A,41,485 Brickell Avenue   ,4506,Icon Brickell,"$1,300 ",1,1,0,842,,Condo,2009,1,Yes,Yes, $1.54 ,7/13/2016 12:46,245,For Rent,Week,Furnished
1,A10212125,A,41,485 Brickell Avenue   ,4609,Icon Brickell,"$3,900 ",1,1,0,953,,Condo,2009,0,No,Yes, $4.09 ,1/23/2017 15:24,51,For Rent,Month,Furnished
1,A10140048,A,41,485 Brickell Avenue   ,4611,Icon Brickell,"$3,250 ",1,1,0,876,,Condo,2009,1,Yes,Yes, $3.71 ,8/29/2016 21:35,198,For Rent,Month,Furnished
1,A10236487,A,41,485 Brickell Avenue   ,4711,Icon Brickell,"$3,100 ",1,1,0,876,,Condo,2009,1,Yes,Yes, $3.54 ,3/6/2017 16:34,73,For Rent,Month,Furnished
1,A10221115,A,41,495 Brickell Avenue   ,1109,Icon Brickell,"$2,650 ",1,1,0,"1,035",,Condo,2009,1,Yes,Yes, $2.56 ,2/7/2017 12:43,36,For Rent,Month,Furnished
1,A10242083,A,41,495 Brickell Avenue   ,3206,Icon Brickell,"$2,800 ",1,1,0,732,,Condo,2009,1,No,Yes, $3.83 ,3/15/2017 16:23,0,For Rent,Year,Furnished
1,A10133959,A,41,495 Brickell Avenue   ,3806,Icon Brickell,"$2,300 ",1,1,0,732,,Condo,2009,1,Yes,Yes, $3.14 ,8/17/2016 16:17,226,For Rent,Year,Furnished
1,A10214411,A,41,495 Brickell Avenue   ,409,Icon Brickell,"$2,600 ",1,1,0,"1,035",,Condo,2009,1,Yes,Yes, $2.51 ,1/26/2017 15:20,48,For Rent,Month,Furnished
1,A10186473,A,41,495 Brickell Avenue   ,4106,Icon Brickell,"$2,300 ",1,1,0,732,,Condo,2009,1,Yes,Yes, $3.14 ,11/30/2016 17:09,106,For Rent,Month,Unfurnished
1,A10202589,A,41,495 Brickell Avenue   ,4108,Icon Brickell,"$2,199 ",1,1,0,732,,Condo,2009,1,Yes,Yes, $3.00 ,1/6/2017 16:51,68,For Rent,Month,Unfurnished
1,A10241785,A,41,495 Brickell Avenue   ,1607,Icon Brickell,"$2,450 ",1,1,0,984,,Condo,2009,1,Yes,No, $2.49 ,3/15/2017 12:24,0,For Rent,Year,Unfurnished
1,A10212286,A,41,495 Brickell Avenue   ,1608,Icon Brickell,"$2,100 ",1,1,0,732,,Condo,2009,1,No,Yes, $2.87 ,1/23/2017 17:36,54,For Rent,Month,Unfurnished
1,A10203557,A,41,495 Brickell Avenue   ,1706,Icon Brickell,"$2,150 ",1,1,0,732,,Condo,2009,1,Yes,Yes, $2.94 ,1/9/2017 14:03,65,For Rent,Year,Furnished
1,A10214919,A,41,495 Brickell Avenue   ,2806,Icon Brickell,"$2,100 ",1,1,0,732,,Condo,2009,1,Yes,No, $2.87 ,1/27/2017 16:38,47,For Rent,Month,Furnished
1,A10210990,A,41,495 Brickell Avenue   ,2808,Icon Brickell,"$2,600 ",1,1,0,732,,Condo,2009,1,Yes,Yes, $3.55 ,1/20/2017 15:14,54,For Rent,Month,Furnished
1,A10204794,A,41,495 Brickell Avenue   ,3108,Icon Brickell,"$2,200 ",1,1,0,732,,Condo,2009,1,No,Yes, $3.01 ,1/10/2017 20:15,64,For Rent,Month,Unfurnished
1,A10180592,A,41,495 Brickell Avenue   ,3308,Icon Brickell,"$3,000 ",1,1,0,732,,Condo,2009,1,Yes,Yes, $4.10 ,11/16/2016 23:14,119,For Rent,Month,Furnished
1,A10228830,A,41,495 Brickell Avenue   ,4409,Icon Brickell,"$2,995 ",1,1,0,"1,035",,Condo,2009,1,Yes,Yes, $2.89 ,2/21/2017 12:28,22,For Rent,Month,Furnished
1,A10191997,A,41,495 Brickell Avenue   ,5406,Icon Brickell,"$2,800 ",1,1,0,732,,Condo,2009,1,No,Yes, $3.83 ,12/12/2016 10:21,93,For Rent,Month,Furnished
1,A10239066,A,41,495 Brickell Avenue   ,5506,Icon Brickell,"$2,000 ",1,1,0,732,,Condo,2009,1,Yes,No, $2.73 ,3/10/2017 9:21,5,For Rent,Year,Unfurnished
1,A10110210,A,41,495 Brickell Avenue   ,1806,Icon Brickell,"$2,300 ",1,1,0,732,,Condo,2009,1,Yes,Yes, $3.14 ,8/3/2016 10:58,232,For Rent,Year,Unfurnished
1,A10101599,A,41,475 Brickell Avenue,2714,Icon Brickell,"$2,900 ",1,1,1,947,,Condo,2008,1,Yes,Yes, $3.06 ,6/16/2016 16:36,272,For Rent,Month,Furnished
1,A10169921,A,41,465 Brickell Avenue,3602,Icon Brickell,"$4,500 ",2,2,0,"1,269",,Condo,2008,0,Yes,Yes, $3.55 ,10/27/2016 13:18,139,For Rent,Month,Furnished
1,A10229125,A,41,465 Brickell Avenue,5105,Icon Brickell,"$4,500 ",2,2,0,"1,313",,Condo,2008,1,Yes,Yes, $3.43 ,2/21/2017 16:02,22,For Rent,Month,Furnished
1,A10132666,A,41,465 Brickell Avenue,4802,Icon Brickell,"$4,400 ",2,2,0,"1,433",,Condo,2008,1,Yes,Yes, $3.07 ,8/15/2016 17:55,104,For Rent,Month,Furnished
1,A10209931,A,41,465 Brickell Avenue,1402,Icon Brickell,"$4,300 ",2,2,0,"1,269",,Condo,2008,1,Yes,Yes, $3.39 ,1/20/2017 11:41,55,For Rent,Year,Unfurnished
1,A10069405,A,41,465 Brickell Avenue,2102,Icon Brickell,"$4,200 ",2,2,0,"1,433",,Condo,2008,1,Yes,Yes, $2.93 ,4/19/2016 11:46,330,For Rent,Month,Furnished
1,A10209405,A,41,465 Brickell Avenue,5005,Icon Brickell,"$3,900 ",2,2,0,"1,503",,Condo,2008,1,Yes,Yes, $2.59 ,1/30/2017 13:13,42,For Rent,Year,Unfurnished
1,A10228933,A,41,465 Brickell Avenue,3802,Icon Brickell,"$3,900 ",2,2,0,"1,269",,Condo,2008,1,Yes,Yes, $3.07 ,2/21/2017 13:49,23,For Rent,Month,Unfurnished
1,A10136586,A,41,465 Brickell Avenue,2702,Icon Brickell,"$3,600 ",2,2,0,"1,269",,Condo,2009,1,Yes,Yes, $2.84 ,8/23/2016 10:59,204,For Rent,Year,Furnished
1,A10237595,A,41,465 Brickell Avenue,1602,Icon Brickell,"$3,250 ",2,2,0,"1,269",,Condo,2008,1,Yes,Yes, $2.56 ,3/8/2017 9:44,9,For Rent,Month,Unfurnished
1,A10235952,A,41,475 Brickell Avenue,4915,Icon Brickell,"$5,000 ",2,2,0,"1,168",,Condo,,1,Yes,No, $4.28 ,3/6/2017 10:22,9,For Rent,Year,Furnished
1,A10158330,A,41,475 Brickell Avenue,1609,Icon Brickell,"$4,500 ",2,2,0,"1,167",,Condo,2008,1,Yes,No, $3.86 ,10/5/2016 1:37,162,For Rent,Year,Furnished
1,A10170719,A,41,475 Brickell Avenue,3207,Icon Brickell,"$3,900 ",2,2,0,"1,467",,Condo,2008,0,Yes,Yes, $2.66 ,10/28/2016 17:33,245,For Rent,Month,Furnished
1,A10171367,A,41,475 Brickell Avenue,3909,Icon Brickell,"$3,900 ",2,2,0,"1,467",,Condo,,1,Yes,Yes, $2.66 ,10/31/2016 12:37,135,For Rent,Month,Furnished
1,A10200885,A,41,475 Brickell Avenue,1807,Icon Brickell,"$3,750 ",2,2,0,"1,290",,Condo,2008,1,Yes,Yes, $2.91 ,1/4/2017 10:23,70,For Rent,Year,Unfurnished
1,A10119913,A,41,475 Brickell Avenue,3115,Icon Brickell,"$3,700 ",2,2,0,"1,168",,Condo,2008,1,Yes,Yes, $3.17 ,7/22/2016 1:08,236,For Rent,Year,Unfurnished
1,A10230690,A,41,475 Brickell Avenue,4107,Icon Brickell,"$3,650 ",2,2,0,"1,461",,Condo,2010,1,No,No, $2.50 ,2/23/2017 19:29,20,For Rent,Month,Unfurnished
1,A10213114,A,41,475 Brickell Avenue,4515,Icon Brickell,"$3,600 ",2,2,0,"1,168",,Condo,2008,1,Yes,Yes, $3.08 ,1/24/2017 17:46,50,For Rent,Year,Unfurnished
1,A10205153,A,32,475 Brickell Avenue,4115,Icon Brickell,"$3,500 ",2,2,0,"1,168",,Condo,2008,1,No,No, $3.00 ,1/11/2017 13:09,68,For Rent,Month,Unfurnished
1,A10074751,A,41,475 Brickell Avenue,1915,Icon Brickell,"$3,200 ",2,2,0,"1,300",,Condo,2008,1,Yes,No, $2.46 ,4/28/2016 16:05,321,For Rent,Month,Unfurnished
1,A10209225,A,41,475 Brickell Avenue,3313,Icon Brickell,"$3,100 ",2,2,0,"1,012",,Condo,2008,1,Yes,Yes, $3.06 ,1/18/2017 13:00,56,For Rent,Month,Unfurnished
1,A10241695,A,41,475 Brickell Avenue,3615,Icon Brickell,"$3,100 ",2,2,0,"1,168",,Condo,2008,1,Yes,Yes, $2.65 ,3/15/2017 10:55,0,For Rent,Month,Unfurnished
1,A10203120,A,41,475 Brickell Avenue,1713,Icon Brickell,"$2,550 ",2,2,0,"1,012",,Condo,2008,1,No,No, $2.52 ,1/8/2017 20:43,66,For Rent,Year,Unfurnished
1,A10158845,A,41,485 Brickell Avenue   ,3108,Icon Brickell,"$4,500 ",2,2,0,"1,459",,Condo,2009,0,Yes,Yes, $3.08 ,10/4/2016 17:14,162,For Rent,Year,Furnished
1,A10018364,A,41,485 Brickell Avenue   ,3304,Icon Brickell,"$4,000 ",2,2,0,"1,286",,Condo,2009,0,Yes,Yes, $3.11 ,2/3/2016 14:48,406,For Rent,Month,Furnished
1,A10158000,A,41,485 Brickell Avenue   ,4804,Icon Brickell,"$4,000 ",2,2,0,"1,286",,Condo,2009,0,Yes,Yes, $3.11 ,10/3/2016 15:18,163,For Rent,Month,Furnished
1,A10197674,A,41,485 Brickell Avenue   ,1908,Icon Brickell,"$4,500 ",2,2,0,"1,459",,Condo,2009,0,Yes,Yes, $3.08 ,12/30/2016 18:09,81,For Rent,Month,Furnished
1,A10204448,A,41,485 Brickell Avenue   ,2102,Icon Brickell,"$4,000 ",2,2,0,"1,386",,Condo,2009,1,Yes,Yes, $2.89 ,1/11/2017 16:55,64,For Rent,Month,Furnished
1,A10208718,A,41,485 Brickell Avenue   ,2404,Icon Brickell,"$4,500 ",2,2,0,"1,286",,Condo,2009,0,No,Yes, $3.50 ,1/17/2017 15:48,58,For Rent,Year,Furnished
1,A10108563,A,41,485 Brickell Avenue   ,2502,Icon Brickell,"$3,950 ",2,2,0,"1,386",,Condo,2009,1,Yes,Yes, $2.85 ,6/30/2016 12:58,261,For Rent,Month,Furnished
1,A10052858,A,41,485 Brickell Avenue   ,2508,Icon Brickell,"$4,000 ",2,2,0,"1,459",,Condo,2009,1,Yes,Yes, $2.74 ,3/18/2016 14:56,226,For Rent,Year,Furnished
1,A10189803,A,41,485 Brickell Avenue   ,2610,Icon Brickell,"$5,000 ",2,2,0,"1,347",,Condo,2009,1,Yes,Yes, $3.71 ,12/13/2016 18:41,92,For Rent,Year,Furnished
1,A10241932,A,41,485 Brickell Avenue   ,2710,Icon Brickell,"$7,500 ",2,2,0,"1,750",,Condo,2008,0,No,Yes, $4.29 ,3/15/2017 14:12,0,For Rent,Month,Furnished
1,A10073174,A,41,485 Brickell Avenue   ,2802,Icon Brickell,"$5,000 ",2,2,0,"1,386",,Condo,2009,1,Yes,Yes, $3.61 ,4/26/2016 12:18,323,For Rent,Month,Furnished
1,A10106400,A,41,485 Brickell Avenue   ,2804,Icon Brickell,"$5,000 ",2,2,0,"1,286",,Condo,2009,0,Yes,Yes, $3.89 ,6/27/2016 10:25,261,For Rent,Year,Furnished
1,A10234109,A,41,485 Brickell Avenue   ,3810,Icon Brickell,"$5,000 ",2,2,0,"1,347",,Condo,2009,0,No,Yes, $3.71 ,3/2/2017 14:37,13,For Rent,Month,Furnished
1,A10068594,A,41,485 Brickell Avenue   ,4204,Icon Brickell,"$4,500 ",2,2,0,"1,286",,Condo,2009,1,Yes,Yes, $3.50 ,4/18/2016 13:05,331,For Rent,Month,Furnished
1,A10231641,A,41,485 Brickell Avenue   ,4702,Icon Brickell,"$5,500 ",2,2,0,"1,386",,Condo,2009,1,Yes,No, $3.97 ,2/26/2017 15:28,17,For Rent,Month,Furnished
1,A2084428,A,41,485 Brickell Avenue   ,2902,Icon Brickell,"$5,000 ",2,2,0,"1,386",,Condo,2009,0,Yes,Yes, $3.61 ,3/10/2015 16:30,699,For Rent,Month,Furnished
1,A10213600,A,41,495 Brickell Avenue   ,1511,Icon Brickell,"$3,790 ",2,2,0,"1,255",,Condo,2010,1,Yes,Yes, $3.02 ,1/25/2017 14:19,49,For Rent,Year,Unfurnished
1,A10228461,A,41,495 Brickell Avenue   ,2310,Icon Brickell,"$4,200 ",2,2,0,"1,255",,Condo,2009,1,Yes,Yes, $3.35 ,2/21/2017 10:04,23,For Rent,Year,Furnished
1,F10050005,A,41,495 Brickell Avenue   ,5004,Icon Brickell,"$3,500 ",2,2,0,"1,500",,Condo,2008,1,Yes,Yes, $2.33 ,1/27/2017 15:54,49,For Rent,Month,Unfurnished
1,A10192786,A,41,495 Brickell Avenue   ,5105,Icon Brickell,"$3,670 ",2,2,0,"1,450",,Condo,2009,1,Yes,Yes, $2.53 ,12/13/2016 11:48,93,For Rent,Month,Unfurnished
1,A10239224,A,41,495 Brickell Avenue   ,721,Icon Brickell,"$3,300 ",2,2,0,"1,390",,Condo,2009,1,Yes,Yes, $2.37 ,3/10/2017 12:07,5,For Rent,Month,Unfurnished
1,A10241945,A,41,495 Brickell Avenue   ,BAY520,Icon Brickell,"$3,850 ",2,2,0,"1,390",,Condo,2009,1,Yes,Yes, $2.77 ,3/15/2017 14:49,0,For Rent,Year,Furnished
1,A10235348,A,41,495 Brickell Avenue   ,1610,Icon Brickell,"$3,300 ",2,2,0,"1,327",,Condo,2009,1,Yes,Yes, $2.49 ,3/4/2017 10:53,12,For Rent,Year,Unfurnished
1,A10114380,A,41,495 Brickell Avenue   ,1904,Icon Brickell,"$3,100 ",2,2,0,"1,500",,Condo,2009,1,Yes,Yes, $2.07 ,7/13/2016 16:32,246,For Rent,Month,Unfurnished
1,A10226679,A,41,495 Brickell Avenue   ,2003,Icon Brickell,"$3,500 ",2,2,0,"1,518",,Condo,2009,1,No,Yes, $2.31 ,2/16/2017 14:23,27,For Rent,Month,Unfurnished
1,A10213870,A,41,495 Brickell Avenue   ,2210,Icon Brickell,"$3,350 ",2,2,0,"1,327",,Condo,2009,1,Yes,Yes, $2.52 ,1/25/2017 18:03,49,For Rent,Month,Part Furn
1,A10154109,A,41,495 Brickell Avenue   ,3502,Icon Brickell,"$3,650 ",2,2,0,"1,654",,Condo,2009,1,Yes,No, $2.21 ,9/26/2016 11:36,170,For Rent,Month,Unfurnished
1,A10241313,A,41,495 Brickell Avenue   ,3610,Icon Brickell,"$3,500 ",2,2,0,"1,327",,Condo,2009,1,Yes,Yes, $2.64 ,3/14/2017 16:07,11,For Rent,Month,Furnished
1,A10162779,A,41,495 Brickell Avenue   ,3611,Icon Brickell,"$4,200 ",2,2,0,"1,255",,Condo,2009,1,Yes,Yes, $3.35 ,10/18/2016 19:15,148,For Rent,Month,Furnished
1,A10236114,A,41,495 Brickell Avenue   ,3703,Icon Brickell,"$3,800 ",2,2,0,"1,518",,Condo,2009,1,Yes,Yes, $2.50 ,3/6/2017 12:12,14,For Rent,Year,Unfurnished
1,A10238723,A,41,495 Brickell Avenue   ,3802,Icon Brickell,"$3,950 ",2,2,0,"1,654",,Condo,2009,1,Yes,Yes, $2.39 ,3/9/2017 15:03,6,For Rent,Year,Unfurnished
1,A10229937,A,41,495 Brickell Avenue   ,403,Icon Brickell,"$3,150 ",2,2,0,"1,518",,Condo,2009,1,No,Yes, $2.08 ,2/22/2017 17:12,21,For Rent,Month,Unfurnished
1,A10227310,A,40,495 Brickell Avenue   ,4202,Icon Brickell,"$6,500 ",2,2,0,"1,654",,Condo,2009,1,Yes,Yes, $3.93 ,2/17/2017 15:55,26,For Rent,Month,Furnished
1,A10237410,A,41,495 Brickell Avenue   ,4310,Icon Brickell,"$3,400 ",2,2,0,"1,327",,Condo,2009,1,Yes,Yes, $2.56 ,3/7/2017 18:11,8,For Rent,Month,Unfurnished
1,A10201480,A,41,495 Brickell Avenue   ,4503,Icon Brickell,"$4,500 ",2,2,0,"1,518",,Condo,2009,1,Yes,Yes, $2.96 ,1/4/2017 22:04,70,For Rent,Month,Furnished
1,A10076973,A,42,495 Brickell Avenue   ,4510,Icon Brickell,"$4,900 ",2,2,0,"1,327",,Condo,2009,0,No,Yes, $3.69 ,5/9/2016 16:07,20,For Rent,Month,Furnished
1,A10164045,A,41,495 Brickell Avenue   ,4605,Icon Brickell,"$3,800 ",2,2,0,"1,450",,Condo,2009,1,Yes,Yes, $2.62 ,10/19/2016 13:31,147,For Rent,Year,Unfurnished
1,A10214863,A,41,495 Brickell Avenue   ,521,Icon Brickell,"$3,400 ",2,2,0,"1,390",,Condo,2009,1,Yes,Yes, $2.45 ,1/27/2017 11:38,47,For Rent,Year,Unfurnished
1,A10165758,A,41,495 Brickell Avenue   ,5411,Icon Brickell,"$3,800 ",2,2,0,"1,255",,Condo,2009,1,Yes,Yes, $3.03 ,10/19/2016 14:48,163,For Rent,Year,Unfurnished
1,A10240080,A,41,495 Brickell Avenue   ,Bay720,Icon Brickell,"$3,450 ",2,2,0,"1,327",,Condo,2008,1,Yes,Yes, $2.60 ,3/13/2017 9:29,2,For Rent,Year,Unfurnished
1,A10032079,A,41,495 Brickell Avenue   ,BAY921,Icon Brickell,"$3,500 ",2,2,0,"1,390",,Condo,2009,1,Yes,Yes, $2.52 ,2/10/2016 14:40,399,For Rent,Month,Furnished
1,A10223014,A,41,485 Brickell Avenue   ,3604,Icon Brickell,"$2,450 ",2,2,2,"1,286",,Condo,2009,0,Yes,No, $1.91 ,2/23/2017 16:59,42,For Rent,Week,Furnished
1,A10124325,A,41,485 Brickell Avenue   ,4610,Icon Brickell,"$3,750 ",2,2,2,"1,347",,Condo,2009,1,Yes,Yes, $2.78 ,7/31/2016 16:23,227,For Rent,Year,Furnished
1,A10173865,A,41,495 Brickell Avenue   ,4005,Icon Brickell,"$3,500 ",2,2,2,"1,450",,Condo,2009,1,Yes,Yes, $2.41 ,11/3/2016 22:55,125,For Rent,Year,Unfurnished
1,A10226733,A,41,495 Brickell Avenue   ,2101,Icon Brickell,"$5,500 ",3,2,0,"1,870",,Condo,2009,1,Yes,Yes, $2.94 ,2/16/2017 19:04,27,For Rent,Month,Unfurnished
1,A10224573,A,41,495 Brickell Avenue   ,2401,Icon Brickell,"$4,600 ",3,2,0,"1,870",,Condo,2009,2,Yes,Yes, $2.46 ,2/13/2017 15:45,30,For Rent,Year,Furnished
1,A10209344,A,41,495 Brickell Avenue   ,3301,Icon Brickell,"$6,500 ",3,2,0,"1,870",,Condo,2009,1,Yes,Yes, $3.48 ,1/18/2017 13:22,56,For Rent,Month,Furnished
1,A10202761,A,41,495 Brickell Avenue   ,3401,Icon Brickell,"$4,900 ",3,2,0,"1,870",,Condo,2009,1,Yes,Yes, $2.62 ,1/7/2017 10:15,67,For Rent,Year,Furnished
1,A10198133,A,41,495 Brickell Avenue   ,3903,Icon Brickell,"$4,400 ",3,2,0,"1,518",,Condo,2009,2,No,No, $2.90 ,12/27/2016 12:34,78,For Rent,Month,Furnished
1,A10142660,A,41,465 Brickell Avenue,601,Icon Brickell,"$9,000 ",3,2,1,"2,236",,Condo,2008,1,Yes,Yes, $4.03 ,9/11/2016 23:19,185,For Rent,Month,Unfurnished
1,A10189436,A,41,465 Brickell Avenue,5101,Icon Brickell,"$7,000 ",3,2,1,"2,044",,Condo,2008,1,Yes,Yes, $3.42 ,12/10/2016 11:42,102,For Rent,Month,Unfurnished
1,A10194496,A,41,465 Brickell Avenue,3301,Icon Brickell,"$6,000 ",3,2,1,"2,044",,Condo,2008,2,Yes,Yes, $2.94 ,12/16/2016 10:27,89,For Rent,Month,Furnished
1,A10099410,A,41,465 Brickell Avenue,401,Icon Brickell,"$5,000 ",3,2,1,"2,044",,Condo,2008,1,Yes,Yes, $2.45 ,6/13/2016 15:37,313,For Rent,Month,Unfurnished
1,A10222110,A,41,465 Brickell Avenue,PH5703,Icon Brickell,"$9,500 ",3,3,0,"1,996",,Condo,2008,1,Yes,Yes, $4.76 ,2/8/2017 17:15,37,For Rent,Month,Unfurnished
1,A10233624,A,41,495 Brickell Avenue   ,PH5705,Icon Brickell,"$8,500 ",3,3,0,"2,097",,Condo,2009,1,Yes,Yes, $4.05 ,3/1/2017 15:24,14,For Rent,Year,Unfurnished
